product,record_type,as_of_date,region,value,unit,verbatim,source_doc,source_url,status,notes,product_key
Casgevy,list_price,2023-12-08,US,2200000,USD per treatment,Vertex set the list price for Casgevy at $2.2 million,"BioPharma Dive, ""CRISPR therapy for sickle cell approved by FDA in gene editing milestone"" (2023-12-08)",https://www.biopharmadive.com/news/crispr-fda-approval-sickle-cell-gene-editing-vertex-casgevy/701522/,provisional-from-snippet,"$2.2M is the wholesale acquisition cost (WAC) of the drug product only; excludes myeloablative conditioning, transplant hospitalisation and ATC fees. Vertex has never published the WAC in an SEC filing or its own press release - it was given to media (Bloomberg/BioPharma Dive/Reuters) on approval day.",casgevy
Casgevy,list_price,2023-12-08,US,2200000,USD per treatment,Wholesale Acquisition Cost For Casgevy In U.S. At $2.2m,Bloomberg via StreetInsider (2023-12-08),https://www.streetinsider.com/Rumors/Vertex+Pharma+(VRTX):+Wholesale+Acquisition+Cost+For+Casgevy+In+U.S.+At+$2.2m+-+Bloomberg/22507869.html,provisional-from-snippet,Corroborating secondary source for the same WAC figure.,casgevy
Casgevy,list_price,2025-02-04,England (NHS),1650000,GBP per treatment,The listed price for a single dose of Casgevy is £1.65 million; the NHS has agreed a confidential discount,NICE TA1044 / NICE TA1017 coverage; NHS England managed access agreement,https://www.nice.org.uk/guidance/ta1044,provisional-from-snippet,"NICE guidance page returned HTTP 403 to direct fetch; figure taken from multiple secondary reports of the NICE appraisals (TDT recommended Aug/Sep 2024, SCD Jan/Feb 2025). Actual NHS price is confidential under a Commercial Access Agreement via the Innovative Medicines Fund, so net revenue per English patient is unknown and below list.",casgevy
Casgevy,list_price,2024-01-16,Saudi Arabia / Bahrain / UAE,,USD per treatment,"Reimbursement agreements have been established with Bahrain, the Kingdom of Saudi Arabia, and the United Arab Emirates","Secondary press (Pharmaceutical Technology, The National); Vertex quarterly releases confirm reimbursed access",https://www.pharmaceutical-technology.com/analyst-comment/casgevy-launch-crispr-therapy/,provisional-from-snippet,"No public per-patient price for KSA, Bahrain, UAE, Qatar or Kuwait. Gulf contracts are confidential. GAP for the revenue-per-patient calculation.",casgevy
Casgevy,centres,2023-12-31,US / EU / KSA,16,authorized treatment centres,Vertex has activated 12 authorized treatment centers (ATCs) in the U.S. and three in the EU ... Vertex has also activated one of two planned ATCs in KSA.,"Vertex 8-K Ex-99.1, Fourth Quarter and Full Year 2023 Financial Results (2024-02-05)",https://www.sec.gov/Archives/edgar/data/875320/000087532024000012/ex-991_q42023.htm,verified-from-source,"12 US + 3 EU + 1 KSA = 16 total, summed by analyst.",casgevy
Casgevy,centres,2024-04-15,Global,25,authorized treatment centres,"As of mid-April, Vertex has activated more than 25 authorized treatment centers (ATCs) globally and multiple patients across all regions have initiated cell collection.","Vertex 8-K Ex-99.1, First Quarter 2024 Financial Results (2024-05-06)",https://www.sec.gov/Archives/edgar/data/875320/000087532024000137/ex-991_q12024.htm,verified-from-source,"Value is a floor (""more than 25""). As-of date is mid-April 2024, not quarter end.",casgevy
Casgevy,patients_cell_collection,2024-04-15,Global,,patients,multiple patients across all regions have initiated cell collection,"Vertex 8-K Ex-99.1, First Quarter 2024 Financial Results (2024-05-06)",https://www.sec.gov/Archives/edgar/data/875320/000087532024000137/ex-991_q12024.htm,verified-from-source,Qualitative only - no number given.,casgevy
Casgevy,centres,2024-07-15,Global,35,authorized treatment centres,"As of mid-July, Vertex has activated more than 35 authorized treatment centers (ATCs) globally and increasing numbers of patients across all regions have initiated cell collection.","Vertex 8-K Ex-99.1, Second Quarter 2024 Financial Results (2024-08-01)",https://www.sec.gov/Archives/edgar/data/875320/000087532024000193/ex-991_q22024.htm,verified-from-source,"Value is a floor (""more than 35"").",casgevy
Casgevy,centres,2024-10-15,Global,45,authorized treatment centres,"As of mid-October, Vertex has activated 45 authorized treatment centers (ATCs) globally and increasing numbers of patients across all regions have initiated cell collection.","Vertex 8-K Ex-99.1, Third Quarter 2024 Financial Results (2024-11-04)",https://www.sec.gov/Archives/edgar/data/875320/000087532024000221/ex-991_q32024.htm,verified-from-source,"Exact figure, not a floor.",casgevy
Casgevy,patients_infused,2024-09-30,Global,1,patients,"In the third quarter of 2024, Vertex's product revenue included revenue from the first patient infused with CASGEVY.","Vertex 8-K Ex-99.1, Third Quarter 2024 Financial Results (2024-11-04)",https://www.sec.gov/Archives/edgar/data/875320/000087532024000221/ex-991_q32024.htm,verified-from-source,"KEY: establishes that revenue recognition is triggered by infusion. Q3 2024 revenue $2.0M against ""the first patient infused"" - implies more than one infusion recognised or ex-US pricing differences; treat count of 1 as a floor for cumulative infusions at 2024-09-30.",casgevy
Casgevy,centres,2024-12-31,Global,50,authorized treatment centres,Vertex has activated more than 50 authorized treatment centers (ATCs) globally,"Vertex 8-K Ex-99.1, Fourth Quarter and Full Year 2024 Financial Results (2025-02-10)",https://www.sec.gov/Archives/edgar/data/875320/000087532025000029/ex-991_q42024.htm,verified-from-source,"Value is a floor (""more than 50"").",casgevy
Casgevy,patients_cell_collection,2024-12-31,Global,50,patients,more than 50 patients have initiated cell collection,"Vertex 8-K Ex-99.1, Fourth Quarter and Full Year 2024 Financial Results (2025-02-10)",https://www.sec.gov/Archives/edgar/data/875320/000087532025000029/ex-991_q42024.htm,verified-from-source,"Cumulative since launch, floor. Q3 2025 call later stated the full-year 2024 first-cell-collection total was 55 (""110 in the first 9 months of 2025, double our full year 2024 total"").",casgevy
Casgevy,centres,2025-05-01,Global,65,authorized treatment centres,"Since launch through May 1st, Vertex has activated more than 65 authorized treatment centers (ATCs) globally and approximately 90 patients have had their first cell collection.","Vertex 8-K Ex-99.1, First Quarter 2025 Financial Results (2025-05-05)",https://www.sec.gov/Archives/edgar/data/875320/000087532025000171/ex-991_q12025.htm,verified-from-source,"Floor. As-of 1 May 2025, not quarter end.",casgevy
Casgevy,patients_cell_collection,2025-05-01,Global,90,patients,"Since launch through May 1st, Vertex has activated more than 65 authorized treatment centers (ATCs) globally and approximately 90 patients have had their first cell collection.","Vertex 8-K Ex-99.1, First Quarter 2025 Financial Results (2025-05-05)",https://www.sec.gov/Archives/edgar/data/875320/000087532025000171/ex-991_q12025.htm,verified-from-source,"Cumulative since launch, approximate. No infusion count disclosed for Q1 2025.",casgevy
Casgevy,centres,2025-06-30,Global,75,authorized treatment centres,Vertex has met its goal of activating more than 75 authorized treatment centers (ATCs) globally.,"Vertex 8-K Ex-99.1, Second Quarter 2025 Financial Results (2025-08-04)",https://www.sec.gov/Archives/edgar/data/875320/000087532025000213/ex-991_q22025.htm,verified-from-source,Floor. Last quarter in which Vertex gave a global ATC count.,casgevy
Casgevy,patients_cell_collection,2025-06-30,Global,115,patients,"Globally, since launch through June 30th, 2025, approximately 115 patients have had their first cell collection, and 29 patients have received infusions of CASGEVY, including 16 infused in the second quarter of 2025.","Vertex 8-K Ex-99.1, Second Quarter 2025 Financial Results (2025-08-04)",https://www.sec.gov/Archives/edgar/data/875320/000087532025000213/ex-991_q22025.htm,verified-from-source,Cumulative since launch.,casgevy
Casgevy,patients_infused,2025-06-30,Global,29,patients,"Globally, since launch through June 30th, 2025, approximately 115 patients have had their first cell collection, and 29 patients have received infusions of CASGEVY, including 16 infused in the second quarter of 2025.","Vertex 8-K Ex-99.1, Second Quarter 2025 Financial Results (2025-08-04)",https://www.sec.gov/Archives/edgar/data/875320/000087532025000213/ex-991_q22025.htm,verified-from-source,"CUMULATIVE since launch = 29. Of which 16 in Q2 2025 alone. Cumulative revenue through 2025Q2 = 2.0+8.0+14.2+30.4 = $54.6M against 29 infusions => ~$1.88M per infusion (vs $2.2M US WAC), consistent with lower ex-US net prices.",casgevy
Casgevy,patients_infused,2025-06-30,Global,16,patients,including 16 infused in the second quarter of 2025,"Vertex 8-K Ex-99.1, Second Quarter 2025 Financial Results (2025-08-04)",https://www.sec.gov/Archives/edgar/data/875320/000087532025000213/ex-991_q22025.htm,verified-from-source,Quarterly (in-period) infusion count for 2025Q2. Q2 2025 revenue $30.4M / 16 = $1.90M per infusion.,casgevy
Casgevy,patients_cell_collection,2025-09-30,Global,165,patients,"Globally, since launch through September 30th, 2025, approximately 165 people with SCD or TDT have had their first cell collection","Vertex 8-K Ex-99.1, Third Quarter 2025 Financial Results (2025-11-03)",https://www.sec.gov/Archives/edgar/data/875320/000087532025000230/ex-991_q32025.htm,verified-from-source,"Cumulative since launch. Q3 2025 call gave ""More than 160 patients now have had their first cell collection. This includes 110 in the first 9 months of 2025, double our full year 2024 total.""",casgevy
Casgevy,patients_infused,2025-09-30,Global,39,patients,"39 people with SCD or TDT have received infusions of CASGEVY, including 10 people infused in the third quarter","Vertex 8-K Ex-99.1, Third Quarter 2025 Financial Results (2025-11-03)",https://www.sec.gov/Archives/edgar/data/875320/000087532025000230/ex-991_q32025.htm,verified-from-source,CUMULATIVE since launch = 39. Cumulative revenue through 2025Q3 = $71.5M => ~$1.83M per infusion.,casgevy
Casgevy,patients_infused,2025-09-30,Global,10,patients,including 10 people infused in the third quarter,"Vertex 8-K Ex-99.1, Third Quarter 2025 Financial Results (2025-11-03)",https://www.sec.gov/Archives/edgar/data/875320/000087532025000230/ex-991_q32025.htm,verified-from-source,Quarterly count for 2025Q3. Q3 2025 revenue $16.9M / 10 = $1.69M per infusion.,casgevy
Casgevy,centres,2025-09-30,Global,25,authorized treatment centres,25 ATCs had initiated more than 5 patients and at least one ATC in each of the 3 regions had initiated 20 or more patients,"Vertex Q3 2025 earnings call transcript (2025-11-03), via The Motley Fool",https://www.fool.com/earnings/call-transcripts/2025/11/27/vertex-vrtx-q3-2025-earnings-call-transcript/,provisional-from-snippet,"NOT a total ATC count - this is the subset of ATCs that had initiated more than 5 patients. Total activated ATCs at this date not disclosed (last total was ""more than 75"" at 2025-06-30).",casgevy
Casgevy,patients_cell_collection,2025-09-30,Global,300,patients,nearly 300 patients have been referred by their physicians to an ATC to initiate the treatment process,"Vertex Q3 2025 earnings call transcript (2025-11-03), via The Motley Fool",https://www.fool.com/earnings/call-transcripts/2025/11/27/vertex-vrtx-q3-2025-earnings-call-transcript/,provisional-from-snippet,"REFERRALS, not cell collections - an earlier funnel stage. Recorded here for funnel calibration only; do not confuse with the 165 first cell collections.",casgevy
Casgevy,patients_cell_collection,2025-12-31,Global,147,patients,"Globally, in 2025, 147 people with SCD or TDT had their first cell collection for CASGEVY.","Vertex 8-K Ex-99.1, Fourth Quarter and Full Year 2025 Financial Results (2026-02-12)",https://www.sec.gov/Archives/edgar/data/875320/000087532026000034/ex-991_q42025.htm,verified-from-source,"IN-YEAR 2025 count, not cumulative. Cumulative since launch approx 55 (2024) + 147 (2025) = 202. Q4 2025 call gave 37 first cell collections in Q4 2025.",casgevy
Casgevy,patients_infused,2025-12-31,Global,64,patients,"This reflects 64 patients receiving infusions of CASGEVY in 2025, including 30 people infused in the fourth quarter of 2025.","Vertex 8-K Ex-99.1, Fourth Quarter and Full Year 2025 Financial Results (2026-02-12)",https://www.sec.gov/Archives/edgar/data/875320/000087532026000034/ex-991_q42025.htm,verified-from-source,IN-YEAR 2025 count = 64. Cumulative since launch approx 65 (1 in 2024 + 64 in 2025). FY2025 revenue $115.8M / 64 = $1.81M per infusion.,casgevy
Casgevy,patients_infused,2025-12-31,Global,30,patients,including 30 people infused in the fourth quarter of 2025,"Vertex 8-K Ex-99.1, Fourth Quarter and Full Year 2025 Financial Results (2026-02-12)",https://www.sec.gov/Archives/edgar/data/875320/000087532026000034/ex-991_q42025.htm,verified-from-source,Quarterly count for 2025Q4. Q4 2025 revenue $54.3M / 30 = $1.81M per infusion.,casgevy
Casgevy,patients_cell_collection,2025-12-31,Global,111,patients,111 new patient initiations,"Vertex Q4 2025 earnings call transcript (2026-02-12), via The Motley Fool",https://www.fool.com/earnings/call-transcripts/2026/02/12/vertex-vrtx-q4-2025-earnings-call-transcript/,provisional-from-snippet,"""Patient initiations"" in Q4 2025 - an upstream funnel metric (treatment journey started), NOT cell collection. Vertex switched its headline operating metric to initiations from Q4 2025 onward.",casgevy
Casgevy,patients_cell_collection,2025-12-31,Global,300,patients,approximately 300 people with SCD or TDT initiated treatment with CASGEVY,Vertex Form 10-K for FY2025 (2026-02-13),https://www.sec.gov/Archives/edgar/data/875320/000087532026000056/vrtx-20251231.htm,verified-from-source,"IN-YEAR 2025 treatment initiations (upstream of cell collection). Same 10-K confirms ""64 people received infusions of CASGEVY"" globally in 2025.",casgevy
Casgevy,patients_cell_collection,2026-03-31,Global,500,patients,"Over 500 patients have now initiated the CASGEVY treatment journey. Hundreds have had their first cell collection, and many patients have had their cells edited and are ready for infusion","Vertex Q1 2026 earnings call transcript (2026-05-04), via The Motley Fool",https://www.fool.com/earnings/call-transcripts/2026/05/04/vertex-vrtx-q1-2026-earnings-call-transcript/,provisional-from-snippet,"CUMULATIVE treatment-journey initiations since launch, floor (""over 500""). First cell collections given only qualitatively as ""hundreds"". No cumulative infusion count disclosed for 2026Q1. Transcript renders CASGEVY as ""KASJEVY"" (transcription artefact).",casgevy
Casgevy,patients_cell_collection,2026-06-30,Global,100,patients,Second quarter 2026 was also the third sequential quarter with more than 100 patient initiations.,"Vertex Q2 2026 earnings call transcript (2026-08-03), via The Motley Fool",https://www.fool.com/earnings/call-transcripts/2026/08/10/vertex-vrtx-q2-2026-earnings-call-transcript/,provisional-from-snippet,"In-quarter initiations, floor (>100) for each of 2025Q4, 2026Q1 and 2026Q2.",casgevy
Casgevy,patients_infused,2026-06-30,Global,64,patients,There were more CASGEVY infusions in the first half of 2026 than in all of 2025.,"Vertex Q2 2026 earnings call transcript (2026-08-03), via The Motley Fool",https://www.fool.com/earnings/call-transcripts/2026/08/10/vertex-vrtx-q2-2026-earnings-call-transcript/,provisional-from-snippet,"FLOOR ONLY: H1 2026 infusions > 64 (the 2025 full-year total). Vertex gave no exact 2026 infusion counts. Implied from revenue at ~$1.81M/infusion: H1 2026 $119.3M => approx 66 infusions, consistent with the floor. This is the principal calibration gap.",casgevy
Casgevy,centres,2026-06-30,Global,,authorized treatment centres,increased patient infusions of CASGEVY through Vertex's global ATC network,"Vertex 8-K Ex-99.1, Second Quarter 2026 Financial Results (2026-08-03)",https://www.sec.gov/Archives/edgar/data/875320/000087532026000256/ex-991_q22026.htm,verified-from-source,"No ATC count disclosed in 2026Q1 or 2026Q2. Last disclosed global total is ""more than 75"" at 2025-06-30. Approved in 39 countries as of 2026Q2.",casgevy
Casgevy,list_price,2026-08-03,Global,,note,"Vertex recognizes net product revenues when customers obtain control, which occurs upon delivery for small molecule products and upon infusion for gene-therapy products including CASGEVY","Vertex Form 10-K FY2025, Revenue Recognition accounting policy (2026-02-13); phrase ""upon infusion"" confirmed present in FY2023, FY2024 and FY2025 10-Ks via EDGAR full-text search",https://www.sec.gov/Archives/edgar/data/875320/000087532026000056/vrtx-20251231.htm,provisional-from-snippet,"REVENUE RECOGNITION POINT = INFUSION, not cell collection. Wording here is reconstructed from a search snippet: the 10-K body exceeded the fetch limit so the exact sentence could not be read in full. Corroborated verbatim by the Q3 2024 release: ""In the third quarter of 2024, Vertex's product revenue included revenue from the first patient infused with CASGEVY."" Row typed as list_price only because record_type is a closed set.",casgevy
Hemgenix,list_price,2022-11-22,US,3500000,USD per treatment,"FDA approves $3.5 million treatment for hemophilia, now the most expensive drug in the world",CNN Health 23 Nov 2022,https://www.cnn.com/2022/11/23/health/hemophilia-drug-hemgenix/,provisional-from-snippet,Wholesale acquisition cost / list price confirmed by CSL Behring to media at FDA approval. No CSL primary web page found that states the number; CSL's own approval press release does not give a price.,hemgenix
Hemgenix,list_price,2022-11-23,US,3500000,USD per treatment,"Sporting a $3.5M price tag, CSL and uniQure's hemophilia B gene therapy crosses FDA finish line",FiercePharma 23 Nov 2022,https://www.fiercepharma.com/pharma/csl-and-uniqures-hemophilia-b-gene-therapy-scores-approval-35-million-price-tag,provisional-from-snippet,Corroborating trade-press report of the same $3.5m US list price. Article body not retrievable (HTTP 403); headline only.,hemgenix
Hemgenix,list_price,2024-11-20,US,3500000,USD per treatment,List price: $3.5 million per treatment,BioProcess International 20 Nov 2024,https://www.bioprocessintl.com/therapeutic-class/csl-dedicated-to-hemgenix-as-it-turns-back-on-lenti-based-gene-therapies,provisional-from-snippet,Page read in full; confirms the $3.5m US list price was still current in late 2024.,hemgenix
Hemgenix,list_price,2025-06,UK,2600000,GBP per dose,Hemgenix is marketed at a list price of £2.6 million per dose,PET / pharmaphorum coverage of NICE managed access recommendation,https://www.progress.org.uk/nhs-funding-approved-for-haemophilia-b-gene-therapy/,provisional-from-snippet,"NHS pays an undisclosed confidential discount under an outcomes-based managed access agreement with NICE/NHS England, so £2.6m is list, not net. Approx USD 3.3m at 2025 rates.",hemgenix
Hemgenix,list_price,2024,Germany/EU,3000000,EUR per treatment,"In Germany and other EU countries, the cost of treatment is upwards of €3 million","pharmaphorum, Germany will reimburse haemophilia gene therapy Hemgenix",https://pharmaphorum.com/news/germany-will-reimburse-haemophilia-gene-therapy-hemgenix,provisional-from-snippet,Reported ex-US price; Germany uses an outcomes-based reimbursement model so realised price is lower. Snippet only - full article not read.,hemgenix
Hemgenix,patients_cumulative,2023-06-20,US,1,patients,CSL Behring Announces the First Patient Has Received FDA-Approved HEMGENIX (etranacogene dezaparvovec-drlb) for Hemophilia B,CSL newsroom press release 20 Jun 2023,https://newsroom.csl.com/2023-06-20-CSL-Behring-Announces-the-First-Patient-Has-Received-FDA-Approved-HEMGENIX-R-etranacogene-dezaparvovec-drlb-for-Hemophilia-B,verified-from-source,"Start of US commercial dosing, ~7 months after FDA approval. Anchors the launch curve at zero for FY2023.",hemgenix
Hemgenix,patients_cumulative,2024-07-04,Europe,2,patients,CSL Behring Announces First Two Patients Treated with HEMGENIX (etranacogene dezaparvovec) Gene Therapy for Hemophilia B in Europe,CSL Behring press release 4 Jul 2024 (GlobeNewswire),https://www.globenewswire.com/news-release/2024/07/04/2908549/0/en/CSL-Behring-Announces-First-Two-Patients-Treated-with-HEMGENIX-etranacogene-dezaparvovec-Gene-Therapy-for-Hemophilia-B-in-Europe.html,verified-from-source,"First EU commercial patients, ~15 months after EU approval. Confirms EU contribution to FY2024 revenue was essentially nil.",hemgenix
Hemgenix,patients_cumulative,2024-06-30,Global,12,patients,Hemgenix only treated 12 patients during the 12 months that ended in June 2024,FiercePharma (Pfizer backs out of hemophilia gene therapy space),https://www.fiercepharma.com/pharma/pfizer-backs-out-hemophilia-gene-therapy-csl-hopes-hemgenix-here-stay,provisional-from-snippet,"Period count for CSL FY2024, not strictly cumulative. Article body returned HTTP 403; figure captured from search-engine snippet only. 12 x $3.5m = $42m vs derived FY2024 revenue ~$32m - consistent order of magnitude, discrepancy plausibly net-vs-list price and ex-US pricing.",hemgenix
Hemgenix,patients_cumulative,2024-08,Global,20,patients (fewer than),less than 20 patients through August 2024,"Recon Strategy, Commercial performance of AAV gene therapies, 5 Feb 2025",https://reconstrategy.com/2025/02/commercial-performance-of-aav-gene-therapies-market-review-and-future-implications/,provisional-from-snippet,Analyst estimate; article read in full. Upper bound on cumulative commercial patients ~21 months after US launch.,hemgenix
Hemgenix,patients_cumulative,2025-11,US,50,patients (more than),"In the U.S., more than 50 patients have been treated, more than 65 administration sites have been trained, and major payers now cover more than 80% of U.S. commercial lives.",Cell & Gene interview with Diego Sacristan SVP Head of U.S. CSL (published 12 Dec 2025),https://www.cellandgene.com/doc/csl-s-hemgenix-shows-durable-benefit-a-new-future-for-gene-therapy-in-hemophilia-b-0001,provisional-from-snippet,"Statement by a named CSL executive but carried in trade press, not a CSL filing. US-only cumulative commercial count. Page read in full.",hemgenix
Hemgenix,centres,2025-11,US,65,administration sites (more than),more than 65 administration sites have been trained,Cell & Gene interview with Diego Sacristan SVP Head of U.S. CSL (published 12 Dec 2025),https://www.cellandgene.com/doc/csl-s-hemgenix-shows-durable-benefit-a-new-future-for-gene-therapy-in-hemophilia-b-0001,provisional-from-snippet,Same CSL executive statement. Trained sites - not all have dosed a patient.,hemgenix
Hemgenix,centres,2025-12,US,64,centers trained,Sixty-four centers have so far been trained on Hemgenix administration in the U.S.,FiercePharma ASH coverage Dec 2025,https://www.fiercepharma.com/pharma/ash-csl-proves-hemophilia-b-gene-therapy-hemgenix-holds-after-5-years-post-dosing,provisional-from-snippet,Article body returned HTTP 403; figure from search-engine snippet. Broadly agrees with the 'more than 65' CSL executive figure.,hemgenix
Hemgenix,patients_cumulative,2026-03-23,US,52,patients,"In the U.S., Steve is the 52nd patient treated after clinical studies.",Karmanos Cancer Institute press release 23 Mar 2026 (PR Newswire),https://www.prnewswire.com/news-releases/karmanos-cancer-institute-becomes-first-and-only-free-standing-cancer-center-to-treat-hemophilia-b-with-new-gene-therapy-302720315.html,provisional-from-snippet,"Strongest single US calibration point: exact cumulative US commercial patient ordinal. Third-party (treating hospital) press release, read in full, not a CSL/uniQure document. 52 x $3.5m = $182m cumulative US list-price value.",hemgenix
Hemgenix,patients_cumulative,2026-07-28,Global,100,patients (more than),More than 100 people with hemophilia B have now received commercial treatment with HEMGENIX globally since approval.,CSL letter to the hemophilia B community reproduced by Hemophilia Federation of America 28 Jul 2026,https://www.hemophiliafed.org/csl-provides-update-on-hemgenix-supply-and-patient-access/,verified-from-source,"KEY CALIBRATION TARGET. Cumulative global COMMERCIAL patients since Nov 2022 approval. Cumulative CSL-reported/derived revenue to 30 Jun 2026 is ~$242m (FY23 ~0 + FY24 derived 31.8 + FY25 92 + FY26 118). $242m / $3.5m US list = ~69 implied patients vs >=100 actually treated, i.e. revenue-divided-by-US-list-price recovers only about 65-70% of the true count. Implied realised revenue per patient <=$2.4m, well below $3.5m list - consistent with confidential discounts, outcomes-based instalment payments and lower ex-US prices.",hemgenix
Hemgenix,patients_cumulative,2026-07-28,Global,22,patients,"Since reestablishing limited supply in April 2026, HEMGENIX has been delivered to support treatment for 22 people living with hemophilia B in commercial and clinical trial settings.",CSL letter to the hemophilia B community reproduced by Hemophilia Federation of America 28 Jul 2026,https://www.hemophiliafed.org/csl-provides-update-on-hemgenix-supply-and-patient-access/,verified-from-source,"Apr-Jul 2026 period count. MIXES commercial and clinical-trial patients, so it is not directly comparable to revenue. Follows the Mar 2026 global stockout.",hemgenix
Hemgenix,centres,2026-07-28,Global,,treatment centres,continued experience across new and established treatment centers,CSL letter to the hemophilia B community reproduced by Hemophilia Federation of America 28 Jul 2026,https://www.hemophiliafed.org/csl-provides-update-on-hemgenix-supply-and-patient-access/,verified-from-source,No number given - qualitative only. Recorded to show CSL does not publish a global centre count.,hemgenix
Luxturna,list_price,2018-01-03,US,425000,USD per eye,"In the U.S., the price of Luxturna is $850,000 USD per injection or $425,000 per eye.","Roche Media Relations, ""Key Messages and Q&A: Roche / Spark Therapeutics transaction"", 25 Feb 2019, filed as Exhibit 99.02 to SC TO-C",https://www.sec.gov/Archives/edgar/data/1609351/000095010319002292/dp102644_ex9902.htm,verified-from-source,"Wholesale acquisition cost set by Spark at US launch on 3 Jan 2018; unchanged as quoted by Roche in Feb 2019. ""per injection"" here means per bilateral treatment.",luxturna
Luxturna,list_price,2018-01-03,US,850000,USD per patient (both eyes),"In the U.S., the price of Luxturna is $850,000 USD per injection or $425,000 per eye.","Roche Media Relations, ""Key Messages and Q&A: Roche / Spark Therapeutics transaction"", 25 Feb 2019, Exhibit 99.02 to SC TO-C",https://www.sec.gov/Archives/edgar/data/1609351/000095010319002292/dp102644_ex9902.htm,verified-from-source,Same source. Spark's own 3 Jan 2018 press release announced the access programmes but does not itself state the price.,luxturna
Luxturna,list_price,2019-10-01,England (NHS),613410,GBP per patient,"The list price of voretigene neparvovec is £613,410 per patient (excluding VAT; company submission).","NICE Highly Specialised Technologies guidance HST11, voretigene neparvovec for treating inherited retinal dystrophies caused by RPE65 gene mutations",https://www.nice.org.uk/guidance/hst11,verified-from-source,"Novartis holds ex-US rights. A confidential commercial discount to NHS England applies, so the net price paid is undisclosed. ~GBP 306,705 per eye.",luxturna
Luxturna,list_price,2020-08-10,Germany,410550,EUR per eye,"€410,550 per eye","Zimmermann M et al., Cost Effectiveness of Voretigene Neparvovec for RPE65-Mediated Inherited Retinal Degeneration in Germany (PMC7442871)",https://pmc.ncbi.nlm.nih.gov/articles/PMC7442871/,provisional-from-snippet,"Academic cost-effectiveness study, not a Novartis document; the paper gives no external citation for the figure. Implies ~EUR 821,100 per bilateral patient.",luxturna
Luxturna,list_price,2019-01-01,France,290000,EUR per eye,"The liste en sus price for Luxturna has been set at €290,000.00 (excluding VAT)","NAVLIN Daily, ""Luxturna Costs €290,000 in France""",https://www.navlindaily.com/article/8353/luxturna-costs-290-000-in-france,provisional-from-snippet,Trade press headline only; article body paywalled. Not confirmed against a Novartis or French HAS/CEPS document.,luxturna
Luxturna,patients_cumulative,2018-03-31,US,3,patients,"Launched LUXTURNA in U.S., with three patients treated at different treatment centers - Massachusetts Eye and Ear in Boston, Bascom Palmer Eye Institute in Miami and The Vision Center at Children's Hospital of Los Angeles","Spark Therapeutics 8-K Ex 99.1, Q1 2018 results (2018-05-08)",https://www.sec.gov/Archives/edgar/data/1609351/000160935118000042/spark-exhibit991q12018.htm,verified-from-source,"Only Spark disclosure that counts patients rather than vials. Also: ""We are pleased that three patients were treated with LUXTURNA in the first quarter"".",luxturna
Luxturna,patients_cumulative,2018-06-30,US,12,vials shipped in Q2 2018,"Continued strong execution of LUXTURNA launch in U.S., with 12 vials shipped in the second quarter of 2018 and patients now treated in six treatment centers","Spark Therapeutics 8-K Ex 99.1, Q2 2018 results (2018-08-07)",https://www.sec.gov/Archives/edgar/data/1609351/000160935118000069/spark-exhibit991q22018.htm,verified-from-source,"Vials, not patients. One vial per eye; bilateral treatment = 2 vials, so 12 vials is at most 12 and at least 6 patients.",luxturna
Luxturna,patients_cumulative,2018-09-30,US,24,vials shipped in Q3 2018,Shipped 24 vials of LUXTURNA in the U.S. in the third quarter of 2018,"Spark Therapeutics 8-K Ex 99.1, Q3 2018 results (2018-11-06)",https://www.sec.gov/Archives/edgar/data/1609351/000160935118000074/spark-exhibit991q32018.htm,verified-from-source,"Same release: ""Treated first two patients under the Spark PATH (Pioneering Access To Healthcare) outcomes-based contracting model"".",luxturna
Luxturna,patients_cumulative,2018-12-31,US,75,vials shipped in FY2018,Shipped 75 vials of LUXTURNA in the U.S.,"Spark Therapeutics 8-K Ex 99.1, FY2018 results (2019-02-19)",https://www.sec.gov/Archives/edgar/data/1609351/000160935119000035/spark-exhibit991fullyear20.htm,verified-from-source,"Cumulative for launch year. 75 vials x $425,000 = $31.9m gross vs $27.0m net product sales, i.e. ~15% gross-to-net. Implies roughly 38-40 patients if nearly all were bilateral.",luxturna
Luxturna,patients_cumulative,2021-11-15,Worldwide,,not disclosed,A Spark spokesperson told BioPharma Dive the company does not disclose that information.,"BioPharma Dive, ""Years later, a first-of-its-kind treatment shows the power, and limits, of gene therapy""",https://www.biopharmadive.com/news/luxturna-gene-therapy-eye-leber-lca/609832/,provisional-from-snippet,"Explicit refusal by Spark/Roche to disclose the cumulative number of patients treated. No Roche or Novartis ""more than X patients treated"" statement was found for 2020-2026.",luxturna
Luxturna,patients_cumulative,2021-08-31,Ex-US (mainly Europe),103,patients dosed,"A total of 106 patients were enrolled in the study until August 2021 (data cut-off). Of them, 103 patients (183 eyes) received VN and were included in the FAS","Real-World Safety and Effectiveness of Voretigene Neparvovec: Results up to 2 Years from the Prospective, Registry-Based PERCEIVE Study (PMC10813228)",https://pmc.ncbi.nlm.nih.gov/articles/PMC10813228/,verified-from-source,"Novartis Pharma AG-sponsored post-authorisation registry (published Jan 2024), not a corporate financial disclosure. Registry enrolment is a lower bound on ex-US patients treated. 183 eyes / 103 patients = 1.78 vials per patient.",luxturna
Luxturna,patients_cumulative,2025-06-30,US,87,participants enrolled (actual),"A Post-Authorization, Multicenter, Longitudinal, Observational Safety Registry Study for Patients Treated With Voretigene Neparvovec in US - Actual Enrollment: 87 participants","ClinicalTrials.gov NCT03597399 (sponsor: Spark Therapeutics, Inc.), study completed 2025-06-30",https://clinicaltrials.gov/study/NCT03597399,verified-from-source,"Spark-sponsored US registry, Jan 2019 - Jun 2025, 10 US sites. Voluntary enrolment, so a lower bound on US commercially treated patients over that window.",luxturna
Luxturna,centres,2018-03-31,US,3,treatment centres,"Launched LUXTURNA in U.S., with three patients treated at different treatment centers - Massachusetts Eye and Ear in Boston, Bascom Palmer Eye Institute in Miami and The Vision Center at Children's Hospital of Los Angeles","Spark Therapeutics 8-K Ex 99.1, Q1 2018 results (2018-05-08)",https://www.sec.gov/Archives/edgar/data/1609351/000160935118000042/spark-exhibit991q12018.htm,verified-from-source,First three US treatment centres.,luxturna
Luxturna,centres,2018-06-30,US,6,treatment centres,"Continued strong execution of LUXTURNA launch in U.S., with 12 vials shipped in the second quarter of 2018 and patients now treated in six treatment centers","Spark Therapeutics 8-K Ex 99.1, Q2 2018 results (2018-08-07)",https://www.sec.gov/Archives/edgar/data/1609351/000160935118000069/spark-exhibit991q22018.htm,verified-from-source,No later Spark/Roche centre count was disclosed in the 2018 Q3 or FY2018 releases.,luxturna
Luxturna,centres,2026-09-04,US,19,designated treatment centres,"With locations across the United States, it is easy for your patients to find a designated LUXTURNA treatment center","LUXTURNA HCP site (Spark Therapeutics / Roche), Ocular gene therapy treatment centers page, accessed 2026-09-04",https://luxturnahcp.com/about-luxturna/treatment-centers/,verified-from-source,"Count of 19 named centres on the manufacturer's current site: Baylor Alkek, Lurie Children's, Bascom Palmer, Boston Children's, CHOP, Cincinnati Children's, Dean McGee, Duke, Kellogg, Mass Eye and Ear, Mayo, OHSU Casey, Scheie, UAB Callahan, UF Health, Iowa, Rochester Flaum, UPMC, CHLA.",luxturna
Luxturna,eligible_population,2018-01-03,US,1000-2000,people,"We estimate that between 1,000-2,000 people in the U.S. have vision loss due to these biallelic RPE65 mutations.","Spark Therapeutics press release, ""Spark Therapeutics Announces First-of-their-kind Programs to Improve Patient Access to LUXTURNA"", 3 Jan 2018",https://www.globenewswire.com/news-release/2018/01/03/1281548/0/en/Spark-Therapeutics-Announces-First-of-their-kind-Programs-to-Improve-Patient-Access-to-LUXTURNA-voretigene-neparvovec-rzyl-a-One-time-Gene-Therapy-Treatment.html,verified-from-source,Company estimate at US launch.,luxturna
Luxturna,eligible_population,2018-12-31,US,1000-2000,prevalent individuals,"We estimate the United States prevalent population at approximately 1,000 to 2,000 individuals.",Spark Therapeutics Form 10-K for FY2018,https://www.sec.gov/Archives/edgar/data/1609351/000160935119000042/spark-201810xk.htm,verified-from-source,Same estimate repeated in the last Spark 10-K.,luxturna
Luxturna,eligible_population,2018-12-31,"US, Europe and select Americas/Asia-Pacific",6000,prevalent individuals,"We believe the prevalent population is up to approximately 6,000 individuals with RPE65 mutations in the United States, Europe and select additional markets in the Americas and Asia/Pacific.",Spark Therapeutics Form 10-K for FY2018,https://www.sec.gov/Archives/edgar/data/1609351/000160935119000042/spark-201810xk.htm,verified-from-source,"Company's global addressable-population estimate. Same filing: ""We estimate that LCA affects approximately one in every 81,000 individuals and RP affects approximately one in every 4,500 individuals.""",luxturna
Luxturna,eligible_population,2018-11-23,Worldwide,1 in 200000,prevalence,"Mutations in both copies of the RPE65 gene affect approximately 1 in 200,000 people.","Novartis media release, ""Novartis announces landmark EU approval for one-time gene therapy Luxturna"", 23 Nov 2018",https://www.novartis.com/news/media-releases/novartis-announces-landmark-eu-approval-one-time-gene-therapy-luxturna-restore-vision-people-rare-inherited-retinal-disease,verified-from-source,"Prevalence rate rather than a headcount; implies ~1,650 in the US and ~2,250 in the EU.",luxturna
Luxturna,eligible_population,2019-10-01,England,86,people eligible,Around 86 people would be eligible for treatment in England,NICE HST11 / press coverage of the NICE recommendation,https://www.nice.org.uk/guidance/hst11,provisional-from-snippet,Figure appears in reporting of the NICE decision; not confirmed verbatim in the NICE committee-discussion chapter that was read.,luxturna
Tecartus,list_price,2020-07-24,US,373000,USD per treatment,"Brexucabtagene autoleucel (Tecartus; Kite Pharma/Gilead) ... has a U.S. list price of $373,000 for a one-time infusion.","Healio, 'FDA approves Tecartus, first CAR T-cell therapy for mantle cell lymphoma', 24 Jul 2020",https://www.healio.com/news/hematology-oncology/20200724/fda-approves-tecartus-first-car-tcell-therapy-for-mantle-cell-lymphoma,provisional-from-snippet,"NOT stated in any Gilead/Kite document I read: the Kite/Gilead FDA-approval press release of 24 Jul 2020 (https://www.gilead.com/news/news-details/2020/us-fda-approves-kites-tecartus-the-first-and-only-car-t-treatment-for-relapsed-or-refractory-mantle-cell-lymphoma) contains no price statement, and no Gilead quarterly earnings release states a list price for any product. Figure taken from trade-press search snippet; same as Yescarta's 2017 launch price. No later Tecartus price changes located.",tecartus
Yescarta,list_price,2017-10-18,US,373000,USD per treatment,"The list price of Yescarta in the United States is $373,000.","Kite's Yescarta (axicabtagene ciloleucel) Becomes First CAR T Therapy Approved by the FDA... (Gilead/Kite press release, 18 Oct 2017)",https://www.gilead.com/news/news-details/2017/kites-yescarta-axicabtagene-ciloleucel-becomes-first-car-t-therapy-approved-by-the-fda-for-the-treatment-of-adult-patients-with-relapsed-or-refractory-large-b-cell-lymphoma-after-two-or-more,verified-from-source,"Launch US list price, stated in Kite/Gilead FDA-approval press release. One-time single infusion; excludes hospitalisation/administration costs.",yescarta
Yescarta,list_price,2022,US,399000,USD per treatment,"Table 1 (Yescarta, launch price $373,000, 18 October 2017): 2022 list price 399000; CAGR 6.32%","CAR-T Therapy: Escalating Costs in an Expanding Market, Health Management, Policy and Innovation (HMPI), 18 Feb 2026, Table 1",https://hmpi.org/2026/02/18/car-t-therapy-escalating-costs-in-an-expanding-market/,provisional-from-snippet,"Secondary academic compilation of US list price by year, not a Kite/Gilead statement. Read from the article's price table. Corroborates the widely reported step-ups from $373,000 at launch.",yescarta
Yescarta,list_price,2023,US,424000,USD per treatment,"Table 1 (Yescarta, launch price $373,000, 18 October 2017): 2023 list price 424000; CAGR 6.32%","CAR-T Therapy: Escalating Costs in an Expanding Market, Health Management, Policy and Innovation (HMPI), 18 Feb 2026, Table 1",https://hmpi.org/2026/02/18/car-t-therapy-escalating-costs-in-an-expanding-market/,provisional-from-snippet,"Secondary academic compilation of US list price by year, not a Kite/Gilead statement. Read from the article's price table. Corroborates the widely reported step-ups from $373,000 at launch.",yescarta
Yescarta,list_price,2024,US,462000,USD per treatment,"Table 1 (Yescarta, launch price $373,000, 18 October 2017): 2024 list price 462000; CAGR 6.32%","CAR-T Therapy: Escalating Costs in an Expanding Market, Health Management, Policy and Innovation (HMPI), 18 Feb 2026, Table 1",https://hmpi.org/2026/02/18/car-t-therapy-escalating-costs-in-an-expanding-market/,provisional-from-snippet,"Secondary academic compilation of US list price by year, not a Kite/Gilead statement. Read from the article's price table. Corroborates the widely reported step-ups from $373,000 at launch.",yescarta
Yescarta,list_price,2025,US,503580,USD per treatment,"Table 1 (Yescarta, launch price $373,000, 18 October 2017): 2025 list price 503580; CAGR 6.32%","CAR-T Therapy: Escalating Costs in an Expanding Market, Health Management, Policy and Innovation (HMPI), 18 Feb 2026, Table 1",https://hmpi.org/2026/02/18/car-t-therapy-escalating-costs-in-an-expanding-market/,provisional-from-snippet,"Secondary academic compilation of US list price by year, not a Kite/Gilead statement. Read from the article's price table. Corroborates the widely reported step-ups from $373,000 at launch.",yescarta
Yescarta,list_price,2023-01,UK-England,280451,GBP per single-infusion bag,"The list price for axicabtagene ciloleucel is 280,451 pounds per each 68 ml single-infusion bag (excluding VAT); Kite has agreed a confidential commercial arrangement (discount) with NHS England.","NICE technology appraisal TA894, 'Axicabtagene ciloleucel for treating relapsed or refractory follicular lymphoma', chapter 2 (Information about axicabtagene ciloleucel)",https://www.nice.org.uk/guidance/TA894/chapter/2-information-about-axicabtagene-ciloleucel,provisional-from-snippet,"Direct fetch of the NICE page returned HTTP 403; figure taken from search snippet of that page. Company-submitted list price; actual NHS price is a confidential discount, so revenue/list-price back-out will overstate UK price.",yescarta
Yescarta,list_price,2021-04-21,Japan,34113655,JPY per treatment,"Yescarta was added to Japan's NHI reimbursement price list on April 21 with an initial NHI price of JPY34,113,655, adjusted downward by 4.3% to JPY32,647,761 on the same day under cost-effectiveness assessment rules.","PHARMA JAPAN, 'Yescarta to Join NHI Price List on April 21, Gets CEA-Tweak from Get-Go'",https://pj.jiho.jp/article/244220,provisional-from-snippet,"Paywalled trade press; taken from search snippet. Marketing authorisation was held by Daiichi Sankyo until transfer to Gilead in June 2023. Post-adjustment price JPY32,647,761.",yescarta
Yescarta,patients_cumulative,2019-12-31,Global,2500,patients,"As of the end of 2019, Kite had 168 certified centers authorized to treat patients globally. Through these centers approximately 2,500 patients have been treated with YESCARTA.","Cryoport, Inc. Form 10-K for FY2019 (SEC EDGAR)",https://www.sec.gov/Archives/edgar/data/1124524/000110465920031407/tm205293-1_10k.htm,verified-from-source,"Yescarta-only, commercial (treated through certified/authorized treatment centres), excludes clinical-trial patients. Read directly in an SEC filing, but by Kite's logistics supplier Cryoport, not by Kite/Gilead. Best early calibration point.",yescarta
Yescarta,patients_cumulative,2022-12-11,Global,11000,patients,"Over 11,000 patients have been treated with Kite's CAR T-cell therapies globally through more than 300 authorized treatment centers around the world, including 117 of the leading cancer hospitals in the U.S.","Time to CAR T-cell Therapy May Impact Outcomes for Patients With Relapsed/Refractory Large B-cell Lymphoma in New CIBMTR Analysis (Gilead/Kite press release, 11 Dec 2022)",https://www.gilead.com/news-and-press/press-room/press-releases/2022/12/time-to-car-t-cell-therapy-may-impact-outcomes-for-patients-with-relapsedrefractory-large-b-cell-lymphoma-in-new-cibmtr-analysis,verified-from-source,"ALL KITE CAR T PRODUCTS (Yescarta + Tecartus), not Yescarta-only. Commercial: 'through ... authorized treatment centers', so excludes clinical-trial patients. Stated as 'over', i.e. a floor.",yescarta
Yescarta,patients_cumulative,2023-01-26,UK-England,500,patients,since then over 500 patients in England have received Yescarta,"Kite's Yescarta is First CAR T-cell Therapy Recommended for Routine Use in England, United Kingdom (Kite company statement, 26 Jan 2023)",https://www.kitepharma.com/news/company-statements/kite-yescarta-is-first-car-t-cell-therapy-recommended-for-routine-use--in-england-united-kingdom,verified-from-source,"YESCARTA-ONLY and England-only, commercial, cumulative since NHS England availability in Sept 2018. Stated as 'over', i.e. a floor.",yescarta
Yescarta,patients_cumulative,2024-01-30,Global,17700,patients,"More than 17,700 patients have been treated with Kite's CAR T-cell therapies through these ATCs across the globe.","Kite Receives U.S. FDA Approval of Manufacturing Process Change Resulting in Reduced Median Turnaround Time for Yescarta CAR T-cell Therapy (Kite press release, 30 Jan 2024)",https://www.kitepharma.com/news/press-releases/2024/1/kite-receives-us-fda-approval-of-manufacturing-process-change-resulting-in-reduced-median-turnaround-time-for-yescarta-car-tcell-therapy,verified-from-source,"ALL KITE CAR T PRODUCTS (Yescarta + Tecartus). Commercial, via authorized treatment centres (ATCs); same release gives >135 ATCs in the US and >400 globally. 'More than', i.e. a floor.",yescarta
Yescarta,patients_cumulative,2024-02-20,Global,19500,patients,"To date, Kite has treated more than 19,500 patients with its CAR-T therapies.","PharmaVoice, 'Kite's next-gen CAR-T aims include quicker production and more disease targets', 20 Feb 2024 (attributed to Cindy Perettie, EVP, Kite)",https://www.pharmavoice.com/news/kite-gilead-cart-cell-therapy-manufacturing/707856/,provisional-from-snippet,"ALL KITE CAR T PRODUCTS. Trade-press article quoting a Kite executive, not a Kite/Gilead document. Note the jump from 17,700 (30 Jan 2024) to 19,500 three weeks later suggests the two figures are not on an identical basis.",yescarta
Yescarta,patients_cumulative,2025-01-10,Global,25000,patients,"More than 25,000 patients have been treated with Kite's CAR T-cell therapies","STAT sponsored content by Kite, 'Bringing the curative potential of CAR T-cell therapy to more eligible patients', 10 Jan 2025",https://www.statnews.com/sponsor/2025/01/10/bringing-the-curative-potential-of-car-t-cell-therapy-to-more-eligible-patients/,verified-from-source,"ALL KITE CAR T PRODUCTS. Kite-authored sponsored content (company statement in a media outlet). Same piece gives a network of 500+ ATCs worldwide. 'More than', i.e. a floor.",yescarta
Yescarta,patients_cumulative,2025-08,Global,31000,patients,"More than 31,000 patients worldwide have received a Kite CAR T-cell therapy. With the largest in-house cell therapy manufacturing network, we're expanding access through speed, capacity and reliability.","Kite Pharma, Inc. official LinkedIn post ('31,000+ Patients Treated with a Kite CAR...')",https://www.linkedin.com/posts/kite-pharma-inc-_31000-patients-treated-with-a-kite-car-activity-7360706994611089411-qBXx,provisional-from-snippet,ALL KITE CAR T PRODUCTS. Kite's own corporate social account but not a press release / filing; post dated approx Aug 2025 (shown as '1y' as of Sep 2026). Latest cumulative figure located.,yescarta
Yescarta,centres,2017-10-18,US,16,authorized/certified treatment centres,"Upon approval Kite provided final site certification to 16 centers, was actively training more than 30 additional centers, and expected an eventual network of 70 to 90 centers across the United States.","Kite's Yescarta (axicabtagene ciloleucel) Becomes First CAR T Therapy Approved by the FDA... (Gilead/Kite press release, 18 Oct 2017)",https://www.gilead.com/news/news-details/2017/kites-yescarta-axicabtagene-ciloleucel-becomes-first-car-t-therapy-approved-by-the-fda-for-the-treatment-of-adult-patients-with-relapsed-or-refractory-large-b-cell-lymphoma-after-two-or-more,verified-from-source,Yescarta launch. Paraphrase assembled by the fetch tool from the release's certification paragraph; the 16 / 70-90 figures are the release's.,yescarta
Yescarta,centres,2019-12-31,Global,168,certified treatment centres,"As of the end of 2019, Kite had 168 certified centers authorized to treat patients globally.","Cryoport, Inc. Form 10-K for FY2019 (SEC EDGAR)",https://www.sec.gov/Archives/edgar/data/1124524/000110465920031407/tm205293-1_10k.htm,verified-from-source,Third-party SEC filing (Kite's logistics supplier).,yescarta
Yescarta,centres,2022-04-01,US,112,authorized treatment centres,Yescarta can be accessed at 112 authorized treatment centers across the U.S.,"Yescarta Receives U.S. FDA Approval as First CAR T-cell Therapy for Initial Treatment of Relapsed or Refractory Large B-cell Lymphoma (LBCL) (Kite press release, 1 Apr 2022)",https://www.kitepharma.com/news/press-releases/2022/4/yescarta-receives-us-fda-approval-as-first-car-tcell-therapy-for-initial-treatment-of-relapsed-or-refractory-large-bcell-lymphoma-lbcl,verified-from-source,Yescarta-specific US ATC count.,yescarta
Yescarta,centres,2022-04-19,Global,275,authorized treatment centres,"Kite therapies are available at over 275 ATCs around the world, including more than 110 leading cancer hospitals in the U.S.","Kite Receives U.S. FDA Approval of New State-of-the-Art CAR T-Cell Therapy Manufacturing Facility in Maryland (Kite press release, 19 Apr 2022)",https://www.kitepharma.com/news/press-releases/2022/4/kite-receives-us-fda-approval-of-new-stateoftheart-car-tcell-therapy-manufacturing-facility-in-maryland,verified-from-source,All Kite therapies. 'Over 275' globally; >110 in the US.,yescarta
Yescarta,centres,2022-08-31,Global,300,qualified treatment centres,"Kite currently has more than 300 qualified treatment centers globally, including in the U.S., Australia, Canada and Europe, as well as through our joint venture in China and our licensing partner in Japan.","Kite Launches CAR T-cell Therapy Operations in Brazil, Singapore and Saudi Arabia (Kite company statement, 31 Aug 2022)",https://www.kitepharma.com/news/company-statements/kite-launches-car-t-cell-therapy-operations-in-brazil-singapore-and-saudi-arabia,verified-from-source,All Kite therapies.,yescarta
Yescarta,centres,2022-12-11,Global,300,authorized treatment centres,"Over 11,000 patients have been treated with Kite's CAR T-cell therapies globally through more than 300 authorized treatment centers around the world, including 117 of the leading cancer hospitals in the U.S.","Time to CAR T-cell Therapy May Impact Outcomes... New CIBMTR Analysis (Gilead/Kite press release, 11 Dec 2022)",https://www.gilead.com/news-and-press/press-room/press-releases/2022/12/time-to-car-t-cell-therapy-may-impact-outcomes-for-patients-with-relapsedrefractory-large-b-cell-lymphoma-in-new-cibmtr-analysis,verified-from-source,"All Kite therapies; >300 global, 117 US.",yescarta
Yescarta,centres,2023-06-22,Japan,6,authorized hospitals,There are now a total of six hospitals in Japan authorized to administer the therapy with many more anticipated by the end of the year.,"Kite Announces Completion of Marketing Authorization Transfer for Yescarta CAR T-cell Therapy in Japan (Kite press release, 22 Jun 2023)",https://www.kitepharma.com/news/press-releases/2023/6/kite-announces-completion-of-marketing-authorization-transfer-for-yescarta-car-t-cell-therapy-in-japan,verified-from-source,"Yescarta, Japan only.",yescarta
Yescarta,centres,2024-01-30,Global,400,authorized treatment centres,"Kite has more than 135 authorized treatment centers in the U.S. and over 400 globally; more than 17,700 patients have been treated with Kite's CAR T-cell therapies through these ATCs across the globe.","Kite Receives U.S. FDA Approval of Manufacturing Process Change... for Yescarta CAR T-cell Therapy (Kite press release, 30 Jan 2024)",https://www.kitepharma.com/news/press-releases/2024/1/kite-receives-us-fda-approval-of-manufacturing-process-change-resulting-in-reduced-median-turnaround-time-for-yescarta-car-tcell-therapy,verified-from-source,"All Kite therapies; >400 global, >135 US.",yescarta
Yescarta,centres,2025-01-10,Global,500,authorized treatment centres,Kite is continually working to add more authorized treatment centers (ATCs) for CAR T to our network of 500+ centers worldwide,"STAT sponsored content by Kite, 'Bringing the curative potential of CAR T-cell therapy to more eligible patients', 10 Jan 2025",https://www.statnews.com/sponsor/2025/01/10/bringing-the-curative-potential-of-car-t-cell-therapy-to-more-eligible-patients/,verified-from-source,All Kite therapies. Kite-authored sponsored content.,yescarta
Yescarta,centres,2026-09-04,Global,570,authorized treatment centres,"Kite is proud to have more than 570 authorized treatment centers (ATCs) where patients can receive CAR T-cell therapy across the globe, including more than 160 in the U.S.","Find a Treatment Center, kitepharma.com (accessed 4 Sep 2026)",https://www.kitepharma.com/patient-resources/find-a-treatment-center,verified-from-source,"All Kite therapies; >570 global, >160 US. Undated web page, so as-of date is the access date.",yescarta
Zolgensma (onasemnogene abeparvovec),list_price,2019-05-24,US,2125000,USD per treatment,"The wholesale acquisition cost of Zolgensma of USD 2.125 million is: ... Annualized cost of Zolgensma is USD 425,000 per year for 5 years",AveXis (Novartis) media release: AveXis Announces Innovative Zolgensma Gene Therapy Access Programs for US Payers and Families,https://www.novartis.com/news/media-releases/avexis-announces-innovative-zolgensma-gene-therapy-access-programs-us-payers-and-families,verified-from-source,Launch list price (WAC) on day of FDA approval; widely reported as $2.1m. Novartis offered 5-year outcomes-based instalment agreements.,zolgensma
Zolgensma (onasemnogene abeparvovec),list_price,2023-01-01,US,2188750,USD per treatment,"Zolgensma ... had the greatest price change from $2,125,000 in 2022 to $2,188,750 in 2023, an increase of $63,750","HHS/ASPE drug price tracking brief, Changes in the List Prices of Prescription Drugs 2017-2023 (via search snippet)",https://aspe.hhs.gov/sites/default/files/documents/0cdd88059165eef3bed1fc587a0fd68a/aspe-drug-price-tracking-brief.pdf,provisional-from-snippet,+3.0% WAC increase effective January 2023. Not read in full document.,zolgensma
Zolgensma (onasemnogene abeparvovec),list_price,2025-01-01,US,2322040,USD per treatment,"The initial wholesale acquisition cost (WAC) was $2,125,000, and today the WAC for Zolgensma is $2,322,040","IntuitionLabs, Most Expensive Drugs in the US: A 2025 Price List (secondary compilation)",https://intuitionlabs.ai/articles/most-expensive-drugs-usa-2025,provisional-from-snippet,Cumulative ~9.3% increase over launch WAC. Date approximate (as-of 2025 compilation).,zolgensma
"Itvisma (onasemnogene abeparvovec-brve, intrathecal)",list_price,2025-11-24,US,2590000,USD per treatment,Novartis is pricing Itvisma at a wholesale acquisition cost of $2.59 million,Fierce Pharma / Managed Healthcare Executive coverage of FDA approval of Itvisma,https://www.fiercepharma.com/pharma/novartis-scores-fda-approval-new-version-sma-gene-therapy-prices-259m,provisional-from-snippet,Intrathecal line extension approved by FDA 2025-11-24; sales are consolidated into Novartis 'Zolgensma Group' from Q4 2025. Novartis own release does not state price.,zolgensma
Zolgensma (onasemnogene abeparvovec),list_price,2020-05-20,Japan (NHI price),167077222,JPY per treatment,"Zolgensma was priced at 167,077,222 yen for one-time treatment by referring to Biogen Japan's SPINRAZA (nusinersen) as the comparative drug",Pharma Japan (Jiho): Zolgensma to Get Japan's Highest List Price 167 Million Yen,https://pj.jiho.jp/article/242056,provisional-from-snippet,Approx USD 1.55-1.6m at 2020 rates. Listed on NHI reimbursement price list 20 May 2020; subject to cost-effectiveness re-assessment.,zolgensma
Zolgensma (onasemnogene abeparvovec),list_price,2020-07-01,Germany,1945000,EUR per treatment,"Novartis launched its gene therapy Zolgensma for spinal muscular atrophy (SMA) in Germany at the start of July 2020 priced at 1,945,000 euros","pharmaphorum: Germany first in EU to get Novartis' SMA gene therapy, costing almost 2m euros",https://pharmaphorum.com/news/novartis-eyes-smart-deal-for-sma-gene-therapy-in-uk,provisional-from-snippet,Free-pricing launch price before AMNOG negotiation; outcomes-based agreements with sickness funds.,zolgensma
Zolgensma (onasemnogene abeparvovec),list_price,2021-03-08,England / NHS,1795000,GBP per treatment,"The list price for Zolgensma is 1,795,000 pounds (excluding VAT), but the company has a commercial arrangement in place making the gene therapy available to the NHS at a confidential discount",NHS England press release / NICE HST guidance coverage,https://www.england.nhs.uk/2021/03/nhs-england-strikes-deal-on-life-saving-gene-therapy-drug-that-can-help-babies-with-rare-genetic-disease-move-and-walk/,provisional-from-snippet,Net price to NHS England is CONFIDENTIAL - substantial undisclosed discount. Use list price only as an upper bound.,zolgensma
Zolgensma (onasemnogene abeparvovec),list_price,2021-03-18,Italy (AIFA),2155000,EUR per treatment,"Italy Reimburses Zolgensma Through 'Payment at Result' Model, Priced at EUR 2.155 M",EVERSANA market access news,https://www.eversana.com/2021/03/18/italy-reimburses-zolgensma-through-payment-at-result-model-priced-at-eur-2-155-m/,provisional-from-snippet,Payment-at-result / outcomes-based instalments; effective net price undisclosed.,zolgensma
Zolgensma (onasemnogene abeparvovec),patients_cumulative,2021-03-15,worldwide (clinical trials + managed access + commercial),1000,patients,"To date, more than 1,000 children with SMA have been treated with Zolgensma across clinical trials, managed access programs, and in the commercial setting","Novartis media release: New Zolgensma data demonstrate age-appropriate development when used early, real-world benefit in older children and durability 5+ years post-treatment",https://www.novartis.com/news/media-releases/new-zolgensma-data-demonstrate-age-appropriate-development-when-used-early-real-world-benefit-older-children-and-durability-5-years-post-treatment,verified-from-source,Lower bound ('more than'). Approved in 38 countries at this date.,zolgensma
Zolgensma (onasemnogene abeparvovec),patients_cumulative,2021-04-23,worldwide (clinical trials + managed access + commercial),1000,patients,"Zolgensma was approved in the U.S. in May 2019 and subsequently has been approved in 39 countries. To date, more than 1,000 patients have been treated with Zolgensma across clinical trials, managed access programs, and in the commercial setting.",Novartis media release: Novartis to initiate SMART Phase 3b global study of Zolgensma in children up to 21 kg,https://www.novartis.com/news/media-releases/novartis-initiate-smart-phase-3b-global-study-zolgensma-children-21-kg-building-real-world-experience,verified-from-source,Lower bound. 39 countries approved.,zolgensma
Zolgensma (onasemnogene abeparvovec),patients_cumulative,2021-06-18,worldwide (clinical trials + managed access + commercial),1200,patients,"More than 1,200 patients have now been treated with Zolgensma globally across clinical trials, managed access programs, and in the commercial setting.","Novartis media release: New Zolgensma data demonstrate age-appropriate development when used presymptomatically and rapid, clinically meaningful efficacy in symptomatic children",https://www.novartis.com/news/media-releases/new-zolgensma-data-demonstrate-age-appropriate-development-when-used-presymptomatically-and-rapid-clinically-meaningful-efficacy-symptomatic-children-even-those-severe-sma-baseline,verified-from-source,Lower bound. 40 countries approved.,zolgensma
Zolgensma (onasemnogene abeparvovec),patients_cumulative,2022-03-14,worldwide (clinical trials + managed access + commercial),1800,patients,"Zolgensma is now approved in more than 40 countries and more than 1,800 patients have been treated with Zolgensma globally across clinical trials, managed access programs, and in the commercial setting.",Novartis media release: Novartis data again demonstrate age-appropriate development when Zolgensma is used presymptomatically,https://www.novartis.com/news/media-releases/novartis-data-again-demonstrate-age-appropriate-development-when-zolgensma-used-presymptomatically-and-post-hoc-data-reveal-sma-type-1-patients-could-speak-swallow-and-maintain-airway-protection,verified-from-source,Lower bound.,zolgensma
Zolgensma (onasemnogene abeparvovec),patients_cumulative,2022-04-05,worldwide (clinical trials + managed access + commercial),1800,patients,"Approved in more than 40 countries, to date, more than 1,800 patients have been treated with Zolgensma globally, including in clinical trials, managed access programs and in the commercial setting.",Novartis media release: Novartis expands Zolgensma manufacturing capacity with approval of multi-product North Carolina facility,https://www.novartis.com/news/media-releases/novartis-expands-zolgensma-manufacturing-capacity-approval-multi-product-north-carolina-facility,verified-from-source,Lower bound.,zolgensma
Zolgensma (onasemnogene abeparvovec),patients_cumulative,2022-06-17,worldwide (clinical trials + managed access + commercial),2000,patients,"Zolgensma is now approved in more than 40 countries and more than 2,000 patients have been treated with Zolgensma globally across clinical trials, managed access programs, and in the commercial setting.",Novartis media release: Novartis announces Nature Medicine publication of Zolgensma data demonstrating age-appropriate milestones when treating children with SMA presymptomatically,https://www.novartis.com/news/media-releases/novartis-announces-nature-medicine-publication-zolgensma-data-demonstrating-age-appropriate-milestones-when-treating-children-sma-presymptomatically,verified-from-source,Lower bound.,zolgensma
Zolgensma (onasemnogene abeparvovec),patients_cumulative,2023-03-20,worldwide (clinical trials + managed access + commercial),3000,patients,"Zolgensma is now approved in more than 47 countries and more than 3,000 patients have been treated with Zolgensma globally across clinical trials, managed access programs, and in the commercial setting.",Novartis media release: Novartis shares Zolgensma long-term data demonstrating sustained durability up to 7.5 years post-dosing,https://www.novartis.com/news/media-releases/novartis-shares-zolgensma-long-term-data-demonstrating-sustained-durability-75-years-post-dosing-100-achievement-all-assessed-milestones-children-treated-prior-sma-symptom-onset,verified-from-source,Lower bound. 47 countries.,zolgensma
Zolgensma (onasemnogene abeparvovec),patients_cumulative,2023-10-24,worldwide (clinical trials + early access + commercial),3500,patients,"Established markets are treating mainly incident patients. Zolgensma is now approved in 51 countries with more than 3500 patients treated globally through clinical trials, early access programs and in the commercial setting.",Novartis Interim Financial Report Q3 2023 (Form 6-K Ex-99.2),https://www.sec.gov/Archives/edgar/data/1114448/000137036823000068/a231024-99_2.htm,verified-from-source,Lower bound. 51 countries.,zolgensma
Zolgensma (onasemnogene abeparvovec),patients_cumulative,2024-01-31,worldwide (clinical trials + early access + commercial),3700,patients,"Zolgensma is now approved in 51 countries with more than 3,700 patients treated globally through clinical trials, early access programs and in the commercial setting.",Novartis Interim Financial Report Q4/FY2023 (Form 6-K Ex-99.2),https://www.sec.gov/Archives/edgar/data/1114448/000137036824000007/a240131-99_2.htm,verified-from-source,Lower bound. 51 countries.,zolgensma
Zolgensma (onasemnogene abeparvovec),patients_cumulative,2024-03-04,worldwide (clinical trials + managed access + commercial),3700,patients,"Zolgensma is now approved in more than 51 countries and more than 3,700 patients have been treated with Zolgensma globally across clinical trials, managed access programs, and in the commercial setting.","Novartis media release: Novartis presents new data on safety and efficacy of Zolgensma, including maintained and improved motor milestones in older and heavier children with SMA",https://www.novartis.com/news/media-releases/novartis-presents-new-data-safety-and-efficacy-zolgensma-including-maintained-and-improved-motor-milestones-older-and-heavier-children-sma,verified-from-source,Lower bound.,zolgensma
Zolgensma (onasemnogene abeparvovec),patients_cumulative,2024-04-23,worldwide (clinical trials + early access + commercial),4000,patients,"Zolgensma is now approved in 54 countries with more than 4,000 patients treated globally through clinical trials, early access programs and in the commercial setting.",Novartis Interim Financial Report Q1 2024 (Form 6-K Ex-99.2),https://www.sec.gov/Archives/edgar/data/1114448/000137036824000017/a240423-99_2.htm,verified-from-source,Lower bound. 54 countries.,zolgensma
Zolgensma (onasemnogene abeparvovec),patients_cumulative,2024-10-29,worldwide (clinical trials + early access + commercial),4000,patients,"Zolgensma is now approved in 55 countries with more than 4,000 patients treated globally through clinical trials, early access programs and in the commercial setting.",Novartis Interim Financial Report Q3 2024 (Form 6-K Ex-99.2),https://www.sec.gov/Archives/edgar/data/1114448/000137036824000022/a241029-99_2.htm,verified-from-source,"Lower bound, unchanged wording from Q1 2024. 55 countries.",zolgensma
Zolgensma (onasemnogene abeparvovec),patients_cumulative,2025-01-31,worldwide (clinical trials + early access + commercial),4500,patients,"Zolgensma is now approved in 58 countries with more than 4,500 patients treated globally through clinical trials, early access programs and in the commercial setting.",Novartis Interim Financial Report Q4/FY2024 (Form 6-K Ex-99.2),https://www.sec.gov/Archives/edgar/data/1114448/000137036825000007/a250131-99_2.htm,verified-from-source,Lower bound. 58 countries.,zolgensma
Zolgensma (onasemnogene abeparvovec),patients_cumulative,2025-07-17,worldwide (clinical trials + early access + commercial),5000,patients,"Zolgensma is now approved in 60 countries, with over 5,000 patients treated globally through clinical trials, early access programs, and commercial use.",Novartis Interim Financial Report Q2 2025 (Form 6-K Ex-99.2),https://www.sec.gov/Archives/edgar/data/1114448/000137036825000012/nvs-20250630-99_2.htm,verified-from-source,Lower bound. 60 countries.,zolgensma
Zolgensma (onasemnogene abeparvovec),patients_cumulative,2025-10-28,worldwide (clinical trials + early access + commercial),5000,patients,"Zolgensma is now approved in 62 countries, with over 5,000 patients treated globally through clinical trials, early access programs and commercial use.",Novartis Interim Financial Report Q3 2025 (Form 6-K Ex-99.2),https://www.sec.gov/Archives/edgar/data/1114448/000111444825000003/a251028-99_2.htm,verified-from-source,"Lower bound, unchanged from Q2 2025. 62 countries.",zolgensma
Zolgensma (onasemnogene abeparvovec),patients_cumulative,2026-07-21,worldwide (since launch),5500,patients,"Zolgensma sales were stable, with over 5,500 patients treated globally since launch.",Novartis Interim Financial Report Q2 2026 (Form 6-K Ex-99.2),https://www.sec.gov/Archives/edgar/data/1114448/000111444826000012/nvs-20260630-99_2.htm,verified-from-source,Lower bound. Latest disclosed cumulative count as of 2026-09-04. Country count not restated.,zolgensma
Zolgensma (onasemnogene abeparvovec),patients_cumulative,2023-06-30,"worldwide - global Managed Access Program (gMAP) only, free of charge",300,patients,"During this time, nearly 300 children with spinal muscular atrophy (SMA) from 40 different countries were treated free of charge.",Novartis: Zolgensma Global Managed Access Program (gMAP) page,https://www.novartis.com/healthcare-professionals/managed-access-programs/zolgensma-global-managed-access-program-gmap,provisional-from-snippet,"Subset of the worldwide total: donated doses generating NO revenue. gMAP ran from 2020 to programme closure; page gives no as-of date, date shown is an approximation.",zolgensma
