family,level,product,n_products,n_points,p_innovation,q_imitation,c_ceiling_share,rmse_share,rmse_log,peak_year_of_adoption,flags,m_patients,m_p10,m_p90,boot_p_q_m
CAR-T,pooled,,7,153,0.27,0.4009,1.0,0.4924,0.676,0.59,; label-dated pool; worldwide series over a US flow; label-dated pool; worldwide series over a US flow; static pool,,,,
CAR-T,product (shrunk),abecma,1,19,2.0,2.5562,0.432,0.2371,0.522,0.05,label-dated pool,,,,
CAR-T,product (shrunk),aucatzyl,1,7,0.2383,0.6428,0.188,0.0042,0.168,1.13,worldwide series over a US flow; static pool,,,,
CAR-T,product (shrunk),breyanzi,1,21,0.2219,0.9793,1.0,1.007,0.62,1.24,label-dated pool,,,,
CAR-T,product (shrunk),carvykti,1,17,1.1731,0.3878,0.656,0.1945,0.307,0.0,label-dated pool,,,,
CAR-T,product (shrunk),kymriah,1,35,0.441,0.0904,0.819,0.1988,0.572,0.0,worldwide series over a US flow; label-dated pool,,,,
CAR-T,product (shrunk),tecartus,1,19,0.3152,1.2669,0.915,0.1447,0.174,0.88,label-dated pool,,,,
CAR-T,product (shrunk),yescarta,1,35,0.3049,0.5971,1.0,0.4202,0.338,0.75,label-dated pool,,,,
one-time,pooled,,10,146,0.0247,1.056,0.261,0.1846,1.474,3.48,; label-dated pool; ; static pool,,,,
one-time,product (shrunk),casgevy,1,8,0.008,1.7812,0.02,0.0001,0.13,3.02,label-dated pool,,,,
one-time,product (shrunk),elevidys,1,12,0.9166,0.2952,0.097,0.0352,0.558,0.0,label-dated pool,,,,
one-time,product (shrunk),hemgenix,1,12,0.0306,0.8369,0.369,0.0029,0.087,3.81,static pool,,,,
one-time,product (shrunk),lenmeldy,1,19,0.0282,0.2084,0.887,0.0126,0.141,8.45,static pool,,,,
one-time,product (shrunk),luxturna,1,34,0.0486,0.1021,0.328,0.017,0.283,4.93,static pool,,,,
one-time,product (shrunk),lyfgenia,1,3,0.017,1.3154,0.02,0.0,0.064,3.27,static pool,,,,
one-time,product (shrunk),roctavian,1,12,0.0221,1.3143,0.02,0.0009,0.231,3.06,static pool,,,,
one-time,product (shrunk),skysona,1,9,0.0736,0.3062,1.0,0.0186,0.179,3.76,static pool,,,,
one-time,product (shrunk),zolgensma,1,29,0.0303,1.259,0.763,0.0821,0.306,2.89,static pool,,,,
one-time,product (shrunk),zynteglo,1,8,0.0274,1.2285,0.207,0.0016,0.109,3.03,static pool,,,,
CAR-T class (registry totals),class-US,US,,7,0.1101,0.001,0.561,,0.208,0.0,"m (ceiling, patients per year) 9026; bootstrap p10 to p90 4126 to 21699; c over the class flow mid 16097 (US flow 6264 to 41368; Europe = 1.5 x US)",9026.0,4126.0,21699.0,"0.0812,0.0010,12705;0.0340,0.0010,27478;0.1236,1.0303,4423;0.1225,0.6434,4381;0.0035,0.0243,200000;0.2036,0.0010,5462;0.1871,0.2983,5250;0.2005,0.0010,6121;0.2773,0.0010,4069;0.1685,0.6581,4734;0.1164,0.0010,8628;0.1113,0.0010,9091;0.0043,0.0070,200000;0.2229,0.1687,4605;0.0591,0.0010,15874;0.2142,0.0010,5266;0.1534,0.2285,4906;0.1121,0.0010,8061;0.0718,0.0010,12134;0.1474,0.5641,4648;0.1562,0.0010,7349;0.1677,0.4211,4858;0.2440,0.1725,4312;0.1164,0.0010,8962;0.1355,0.3792,5402;0.0037,0.0460,200000;0.2459,0.0010,4540;0.1032,0.8880,4606;0.1439,0.0010,8394;0.1600,0.0010,6503;0.1169,0.1218,7689;0.0037,0.0295,200000;0.0809,0.0010,11534;0.2266,0.4204,4501;0.2297,0.5425,4248;0.1355,0.0010,8135;0.2058,0.3160,4368;0.1229,0.7380,4217;0.2855,0.0928,4610;0.0936,0.0010,10165;0.1942,0.0010,6131;0.0038,0.0639,200000;0.0342,0.0010,23438;0.2041,0.2167,4956;0.3051,0.0010,4379;0.1450,0.6949,4282;0.1136,0.5216,5834;0.1515,0.0010,6685;0.1169,0.8644,4218;0.0042,0.0260,200000;0.1280,0.2624,6553;0.1865,0.1466,6176;0.2452,0.0926,4752;0.1956,0.0010,6381;0.2052,0.2374,4715;0.0801,0.0010,12927;0.2169,0.0010,5427;0.1390,0.2586,5597;0.0970,0.0010,10214;0.0045,0.0210,200000;0.1405,0.0881,6349;0.1857,0.0010,6048;0.1042,0.3317,6871;0.1364,0.0010,7193;0.0681,0.0010,14662;0.2328,0.7381,3574;0.1211,0.0010,8847;0.0785,0.0041,11533;0.1711,0.2823,4836;0.0261,0.0010,34358;0.1473,0.3433,5463;0.1750,0.0010,5240;0.1457,0.4183,4721;0.1343,0.3792,5493;0.0367,0.0010,25017;0.0632,0.0010,17056;0.1862,0.0010,6388;0.1689,0.1929,5550;0.2340,0.0010,4710;0.2035,0.0010,6397;0.0696,0.0010,13303;0.1420,0.7876,4322;0.1871,0.1956,5067;0.2388,0.0044,5576;0.1326,0.0010,8407;0.3148,0.0010,4354;0.1896,0.5382,4275;0.3121,0.0010,3725;0.0616,0.0010,14099;0.1336,0.6862,4427;0.2847,0.0010,4638;0.1977,0.0010,6960;0.1442,0.6288,4368;0.0364,0.0010,28098;0.0929,0.0010,9936;0.1444,0.0010,7579;0.2498,0.2667,4425;0.2936,0.0010,4222;0.1591,0.6131,4428;0.2084,0.2644,4780;0.0751,0.0010,12964;0.1409,1.0865,3881;0.0444,0.0010,20037;0.1735,0.2067,5135;0.1206,0.0010,7724;0.0863,0.0010,11402;0.1362,0.3985,5344;0.1924,0.5112,4330;0.0592,0.2527,10583;0.1156,0.6553,4592;0.0967,0.1444,9328;0.2035,0.0234,5929;0.2573,0.7318,3247;0.2141,0.6891,4024;0.1264,0.0010,8388;0.0039,0.0128,200000;0.1142,0.4575,5536;0.0539,0.0010,17585;0.0388,0.0010,21740;0.2159,0.0010,5025;0.0140,0.0010,66143;0.2358,0.5041,4290;0.1390,0.7169,4077;0.2754,0.8655,3304;0.1722,0.0010,7271;0.1286,0.0926,7983;0.1308,1.0083,3938;0.0905,0.0295,10705;0.1287,0.0010,7680;0.1709,0.0010,6668;0.1652,0.4567,3895;0.0796,0.0010,11539;0.0601,0.0010,15423;0.1071,0.8562,4476;0.2225,0.2458,4810;0.0807,0.0010,10843;0.1646,0.0010,6484;0.1239,0.0010,6898;0.0863,0.0010,9280;0.1213,0.5502,5147;0.1601,0.0010,5825;0.1197,0.6923,5156;0.0038,0.0126,200000;0.1529,0.6767,3985;0.2207,0.0010,5325;0.0564,0.0010,13096;0.1200,0.0010,9058;0.0534,0.0010,16686;0.1793,0.0010,5447;0.2393,0.0010,4596;0.2078,0.2954,4701;0.0087,0.0010,88104;0.0606,0.0010,14707;0.1663,0.3061,5522;0.1165,0.5818,4905;0.2070,0.2135,4906;0.0608,0.0010,15367;0.0826,0.0010,11120;0.1425,0.0010,7725;0.2148,0.6607,4052;0.1739,0.4512,4776;0.2177,0.5090,4217;0.1895,0.5592,3618;0.1187,0.0010,9004;0.1042,0.1266,8723;0.0559,0.0674,15478;0.3433,0.3336,3646;0.1750,0.0010,7256;0.1353,0.9258,3976;0.1420,0.7936,4126;0.1187,0.5005,4979;0.0328,0.0010,27666;0.1566,0.0010,6611;0.1220,0.0010,7563;0.2284,0.0010,5226;0.0135,0.0010,64523;0.1305,0.2912,7303;0.0916,0.0010,11144;0.2377,0.1115,4741;0.1311,0.0010,7874;0.0495,0.0010,17883;0.1998,0.6831,4061;0.0527,0.0010,16405;0.1331,0.6655,4775;0.0357,0.0010,22943;0.1201,1.6330,3512;0.1120,0.0010,8990;0.1307,2.1271,2820;0.1015,0.1487,7987;0.1715,0.4023,4841;0.1055,0.2915,6573;0.1610,0.0010,6552;0.1307,1.0946,4118;0.1781,0.1573,5581;0.2326,0.7699,3780;0.1165,0.7969,4371;0.0364,0.0010,21694;0.1599,0.0010,6487;0.2298,0.1214,5253;0.2006,0.0010,5549;0.0043,0.0130,200000;0.1952,0.0010,5426;0.0958,0.0010,9743;0.1396,0.0010,8233;0.1044,0.2648,5970;0.0035,0.0472,200000;0.2284,0.2614,4735;0.1119,0.0348,9071;0.2227,0.0010,4981;0.1044,0.5878,5461;0.1559,0.1405,5586;0.1458,0.7642,4251;0.2197,0.1634,5252;0.1343,0.7602,4441;0.0212,0.0010,35986;0.1044,0.2967,6277;0.1303,0.0010,9049;0.0037,0.0047,200000;0.0131,0.0010,64825;0.1279,0.0010,7228;0.1110,0.0010,8480;0.1247,0.0010,7882;0.1358,1.0059,3827;0.1235,0.0075,8358;0.1398,0.2121,6538;0.1711,0.0010,7296;0.1645,0.0010,6638;0.1918,0.0010,5509;0.1435,0.5801,4803;0.1270,0.0010,7820;0.2216,0.4844,4203;0.1444,0.4929,4256;0.1681,0.4103,4301;0.3177,0.0010,3887;0.0690,0.0010,15352;0.2058,0.0010,5468;0.1714,0.2893,4321;0.1575,0.8869,3289;0.1107,0.3845,6260;0.2038,0.0010,5134;0.1426,0.0010,7811;0.0541,0.0010,16716;0.1851,0.0820,5810;0.0641,0.0010,14440;0.0741,0.0010,12383;0.1674,0.4051,4964;0.2273,0.0010,4951;0.1395,0.8401,4180;0.2147,1.0336,3495;0.2304,0.1408,4938;0.0723,0.0010,14041;0.1253,0.1896,6601;0.1430,0.0010,7714;0.1535,0.7182,4953;0.2218,0.4818,4176;0.0664,0.2591,9151;0.0042,0.0055,200000;0.1550,0.0010,7619;0.2536,0.1000,4739;0.0986,0.0010,11943;0.1207,0.7207,4842;0.1162,0.4072,5950;0.1269,0.5162,5291;0.0281,0.0010,26096;0.1054,0.0010,9451;0.1410,0.8339,4122;0.1520,0.0010,7140;0.1989,0.0010,6161;0.2241,0.0010,5551;0.0041,0.0079,200000;0.0400,0.0010,21001;0.1605,0.2369,6055;0.1146,0.2099,6638;0.1436,0.0010,6041;0.2150,0.0010,5034;0.1870,0.1382,5662;0.1134,0.0010,8341;0.1025,0.0010,9664;0.0514,0.0010,17495;0.1140,0.2250,6734;0.0241,0.0010,33537;0.3887,0.0955,3536;0.2185,0.4214,3977;0.1701,0.2100,6315;0.1285,0.6866,5024;0.0856,0.0010,11048;0.2255,0.7252,3644;0.1369,0.0010,7438;0.1160,1.0755,4637;0.1344,0.0010,9086;0.1254,0.0010,8384;0.1645,0.9106,3491;0.0600,0.0010,15031;0.0733,0.0010,11640;0.0117,0.0010,62702;0.1483,0.4164,6103;0.2505,0.0010,4639;0.1038,0.0010,10045;0.1433,0.5191,4131;0.3635,0.0010,3989"
CAR-T class (registry totals),class-Europe,Europe,,6,0.0834,0.001,0.572,,0.133,0.0,"m (ceiling, patients per year) 13815; bootstrap p10 to p90 5210 to 42744; c over the class flow mid 24146 (US flow 6264 to 41368; Europe = 1.5 x US)",13815.0,5210.0,42744.0,"0.1018,0.0010,11720;0.0996,0.0010,12439;0.0935,0.0010,13524;0.1711,0.0010,7499;0.2341,0.1967,5101;0.0684,0.1694,12623;0.0979,0.0010,11397;0.0876,0.0010,14711;0.1667,0.8206,4667;0.2645,0.2338,4750;0.0046,0.0460,200000;0.1457,0.0398,8942;0.0679,0.0010,16112;0.0050,0.0096,200000;0.1589,0.5338,5333;0.2023,0.0010,6875;0.0914,0.0091,12151;0.1449,0.7902,4720;0.1334,0.3557,6486;0.1596,0.3565,5396;0.0223,0.0010,41338;0.2177,0.0010,6256;0.0934,0.0010,13079;0.1690,0.2208,6926;0.0591,0.0010,18772;0.1262,0.0010,10085;0.1274,0.0010,9467;0.1182,0.0010,10459;0.1820,0.9380,4058;0.1626,0.0010,7884;0.2218,0.7242,4475;0.0751,0.0010,14160;0.1240,0.0010,10788;0.1976,0.1240,6599;0.0852,0.0010,13352;0.0886,0.0010,12959;0.1326,0.0010,9117;0.1766,0.2247,6758;0.0571,0.0010,19796;0.1481,0.3858,6338;0.1970,0.0010,7160;0.1720,0.1333,6932;0.1414,0.2275,7179;0.1389,0.4783,5722;0.0378,0.0010,30387;0.1458,0.3689,6164;0.0622,0.0010,18947;0.0045,0.0507,200000;0.0810,0.2815,10505;0.0536,0.0010,19733;0.0626,0.0010,18564;0.0367,0.0010,30528;0.0617,0.0010,16826;0.0656,0.0010,17090;0.1989,0.2278,5884;0.1953,0.0010,6367;0.1435,0.7571,5069;0.0212,0.0010,45880;0.0974,0.0010,12915;0.0380,0.0010,31285;0.0975,0.0010,13281;0.0422,0.0010,26739;0.1797,0.3188,5830;0.1927,0.2888,5707;0.0200,0.0010,54322;0.2383,0.3362,5281;0.1747,0.3860,5440;0.0401,0.0010,24044;0.0421,0.0010,25313;0.1196,0.4345,7414;0.0604,0.1838,14634;0.1601,0.4380,5610;0.0050,0.0073,200000;0.2093,0.3075,5453;0.1136,0.0971,8248;0.1615,0.0010,7955;0.2053,0.0632,6531;0.1315,0.0010,9923;0.2635,0.0661,5535;0.0867,0.0824,11591;0.1826,0.1691,6472;0.1515,0.0010,7971;0.1410,0.0010,9249;0.1685,0.2651,5395;0.1612,0.2167,6422;0.0846,0.0010,13427;0.0053,0.0110,200000;0.1480,0.3014,6921;0.0855,0.0010,14724;0.0740,0.0010,15872;0.1407,0.4984,5660;0.1407,0.0885,8283;0.0990,0.1709,10074;0.1596,0.8857,4447;0.1026,0.0010,11979;0.1453,0.0212,8257;0.0362,0.0010,29371;0.2402,0.3783,4818;0.1305,0.0010,9789;0.2238,0.6959,4451;0.0049,0.0096,200000;0.1683,0.5629,4920;0.0877,0.0010,12735;0.1490,0.2028,6731;0.1919,0.2653,5877;0.2313,0.0200,6148;0.1501,0.1900,8059;0.1215,0.0010,10870;0.1172,0.2106,8491;0.1978,0.5866,5141;0.0930,0.2132,9528;0.1029,0.0010,11674;0.2218,0.5223,4960;0.2743,0.1794,5242;0.0049,0.0148,200000;0.1081,0.0010,11864;0.1514,0.4860,5516;0.1569,0.5947,5260;0.1571,0.0010,8442;0.1074,0.3326,7824;0.1306,0.0010,9274;0.1709,0.0010,7046;0.0707,0.0010,16633;0.0662,0.1130,14505;0.1488,0.8387,4903;0.2243,0.3189,5208;0.0044,0.0717,200000;0.0156,0.0010,66137;0.0697,0.1368,13574;0.1098,0.0010,11989;0.0946,0.0010,13223;0.1627,0.0010,7845;0.1341,0.0010,10040;0.0402,0.0010,28109;0.0268,0.0010,38674;0.1039,0.0010,10837;0.1300,0.0010,9417;0.1850,0.2869,5688;0.1142,0.2038,8674;0.1072,0.0010,10479;0.0071,0.0010,149750;0.0975,0.0010,12742;0.0241,0.0010,42396;0.0864,0.2945,9714;0.0216,0.0010,47833;0.1631,0.7667,4786;0.1903,0.1804,6305;0.0764,0.0516,14207;0.0866,0.1561,10843;0.1740,0.0010,7750;0.0758,0.0010,15432;0.1576,0.0826,6721;0.1096,0.0010,10628;0.0454,0.0010,23587;0.0607,0.0010,19044;0.0076,0.0010,136351;0.0178,0.0010,62413;0.1948,0.4018,5216;0.0047,0.0117,200000;0.0199,0.0010,49043;0.1480,0.1943,6454;0.1754,0.2243,5707;0.0539,0.0010,20207;0.2122,0.4276,4865;0.0549,0.0010,20257;0.1980,0.0010,7318;0.1428,0.5990,5290;0.1567,0.2631,6468;0.1987,0.1138,6242;0.1277,0.1836,7164;0.1196,0.2243,8091;0.1934,0.2155,5561;0.1827,0.8567,4553;0.1126,0.0831,8499;0.1926,0.0010,6663;0.0338,0.0010,33655;0.1599,0.4850,5326;0.0287,0.0010,36161;0.0414,0.0876,24023;0.2249,0.0393,6103;0.2340,0.0010,5792;0.1481,0.0835,8015;0.1677,0.3457,5807;0.2613,0.0010,5588;0.1601,0.8431,4735;0.0678,0.0010,17906;0.1331,0.0010,9577;0.0891,0.0010,14677;0.1864,0.0010,7259;0.1560,0.4943,5238;0.1464,0.4520,6026;0.0318,0.0010,33852;0.1419,0.0010,8714;0.0670,0.0338,18028;0.1334,0.0010,9953;0.0665,0.0010,18762;0.0047,0.0117,200000;0.1371,0.4713,5768;0.0315,0.0010,32080;0.1832,0.5662,4656;0.1974,0.4670,5410;0.1722,0.5353,5043;0.0665,0.0010,16399;0.0845,0.0010,14190;0.0399,0.0010,26083;0.0734,0.0010,17315;0.2098,0.1805,6294;0.1541,0.4056,6024;0.0845,0.0010,14025;0.0545,0.0010,20194;0.1202,0.3931,6891;0.1732,0.4684,5287;0.2014,0.0010,6230;0.1084,0.0010,11783;0.1436,0.0010,8471;0.1519,0.4905,5618;0.1851,0.0010,7676;0.1799,0.4551,5210;0.2197,0.3422,5119;0.0047,0.0063,200000;0.1380,0.0010,8713;0.2033,0.0010,6739;0.1592,0.7813,4757;0.0880,0.0010,12507;0.1500,0.9213,4813;0.1809,0.2287,6243;0.1196,0.4345,7414;0.0265,0.0010,35763;0.1251,0.0010,9909;0.0048,0.0251,200000;0.1391,0.0213,8875;0.2218,0.2116,5984;0.1833,0.0010,6617;0.0642,0.0010,16798;0.1769,0.3893,5652;0.1145,0.0978,8575;0.0591,0.0010,18678;0.1320,0.2358,7567;0.0839,0.0249,12291;0.1214,0.0010,9390;0.1253,0.0010,10979;0.1496,0.2517,6570;0.0966,0.2218,9880;0.1739,0.5718,4662;0.1444,0.7791,5245;0.1514,0.0010,8288;0.1349,0.5982,5562;0.1151,0.2931,8180;0.0840,0.1230,11795;0.0596,0.0010,18978;0.0726,0.0010,13516;0.1655,0.4682,5460;0.0896,0.0010,14593;0.1659,0.2655,5466;0.0982,0.0010,11876;0.2244,0.2406,5303;0.0823,0.0712,12730;0.0421,0.0535,23708;0.1398,0.4408,5922;0.0054,0.0373,181998;0.0050,0.0205,200000;0.0106,0.0010,98088;0.0938,0.0010,14418;0.0695,0.0772,16290;0.0049,0.0190,200000;0.1515,0.4492,5463;0.1524,0.4296,5934;0.1528,1.0993,4302;0.1150,0.4167,7427;0.0061,0.0010,156521;0.0622,0.0010,17542;0.0121,0.0034,79283;0.1788,0.0010,6900;0.0167,0.0010,68827;0.1486,0.0010,8638;0.1180,0.0530,8904;0.0293,0.0010,32913;0.1342,0.0010,8528;0.0358,0.0010,31456;0.2518,0.0010,5699;0.1725,0.6662,4783;0.1463,0.0010,8278;0.0941,0.0669,11774;0.1746,0.2275,6248;0.0698,0.0010,16394;0.0045,0.0503,200000;0.1528,0.8082,4913;0.1436,0.0010,8471;0.1271,0.4402,6578;0.1611,0.3789,6156;0.0689,0.0010,16609;0.1777,0.3318,5894;0.1497,0.8438,4774;0.1777,0.5029,4968;0.1455,0.0010,9348;0.0221,0.0010,53584;0.0120,0.0010,87519;0.1851,0.0010,6879;0.1007,0.0010,11581;0.0341,0.0010,32578"
