product,indication_key,indication_label,geography,measure_type,value_low,value_point,value_high,unit,estimate_year,as_of_date,verbatim,source_doc,source_url,status,notes
Kymriah,ALL_ped,"Paediatric and young adult (up to 25 y) B-cell ALL refractory, in relapse post-transplant or in second or later relapse",US,gatekeeper_eligible,,400,,patients per year,2017,2018-03-23,Applying this estimate results in an annual eligible population for treatment with tisagenlecleucel of 400 patients.,"ICER, Chimeric Antigen Receptor T-Cell Therapy for B-Cell Cancers: Effectiveness and Value, Final Evidence Report, 23 March 2018",https://icer.org/wp-content/uploads/2020/10/ICER_CAR_T_Final_Evidence_Report_032318.pdf,verified-from-source,"Derivation (p.65-66): 2017 US ALL incidence 5,970 (SEER); under-25 cohort 3,651 (all under 20 plus 50% of 20-34); 82.5% B-ALL = 3,012; 3% refractory to initial therapy, 20% relapse; of relapsers 15% refractory to 2L and 36.5% relapse on 2L; result 400 per year."
Kymriah,ALL_ped,Paediatric and young adult r/r B-cell ALL (ICER executive summary budget-impact table),US,gatekeeper_eligible,,617,,patients per year,2017,2018-03-23,"Table ES21. Estimated Annualized Total Potential Budget Impact (BI) of Tisagenlecleucel Using Different Prices Over a Five-year Time Horizon, Assuming 617 Eligible Patients per Year","ICER, Chimeric Antigen Receptor T-Cell Therapy for B-Cell Cancers: Effectiveness and Value, Final Evidence Report, 23 March 2018",https://icer.org/wp-content/uploads/2020/10/ICER_CAR_T_Final_Evidence_Report_032318.pdf,verified-from-source,Internal inconsistency in the ICER report: executive-summary Table ES21 title assumes 617 eligible per year while the body text derives 400 per year. Treat 400-617 as the ICER range.
Kymriah,ALL_ped,"All ALL, US, all ages (denominator used by ICER)",US,incidence_rate,,5970,,"new cases per year (count, not rate)",2017,2018-03-23,"we first identified the estimated 2017 incidence of ALL in the US (5,970 patients), based on Surveillance, Epidemiology, and End Results (SEER) data.","ICER, Chimeric Antigen Receptor T-Cell Therapy for B-Cell Cancers: Effectiveness and Value, Final Evidence Report, 23 March 2018",https://icer.org/wp-content/uploads/2020/10/ICER_CAR_T_Final_Evidence_Report_032318.pdf,verified-from-source,"Count not rate. ICER then takes 3,651 under age 25 and 82.5% B-lineage = 3,012 B-ALL under 25 per year: 'Of the 3,651 remaining ALL patients, we estimated that 82.5% would have B-ALL (3,012 patients).'"
Kymriah,ALL_ped,"ALL diagnosed at age 20 and younger, US; share who could benefit from Kymriah",US,company_addressable,465,,620,patients per year,2017,2017-08-31,"roughly 3,100 patients age 20 and younger are diagnosed with ALL annually, and roughly 15% to 20% of them could benefit from Kymriah.","The Motley Fool, 'Novartis' $475,000 Price Tag Sets the Stage for a Price War With Gilead Sciences' (31 Aug 2017), reporting Novartis statements",https://www.fool.com/investing/2017/08/31/novartis-475000-price-tag-sets-the-stage-for-a-price-war-with-gilead-sciences.aspx,derived,"Arithmetic: 3,100 x 15% = 465; 3,100 x 20% = 620. The 3,100 and 15-20% are read in the secondary article (Novartis attribution); Novartis' own 30 Aug 2017 approval release (fetched) gives no patient count. A search summary also paraphrased 'about 600 would be considered candidates'."
Kymriah,ALL_ped,"Relapsed or refractory B-cell ALL in people 25 years and under (NICE TA975, routine commissioning)",England,gatekeeper_eligible,,,100,patients per year,2024,2024-05-15,It is estimated that less than 100 children and young people in England are eligible for treatment with tisagenlecleucel.,NICE technology appraisal TA975 resource impact statement/summary report,https://www.nice.org.uk/guidance/ta975/resources/resource-impact-statement-13428537661,verified-from-source,"Upper bound only ('less than 100'). Page retrieved by curl (NICE returns 403 to the fetch tool). TA975 replaced TA554 (Dec 2018, CDF); TA554 resources page lists no resource impact document."
Kymriah,ALL_ped,"Kinder, Jugendliche und junge erwachsene Patienten im Alter bis zu 25 Jahren mit refraktärer oder rezidivierter (Rezidiv nach Transplantation oder zweites oder späteres Rezidiv) akuter lymphatischer B-Zell-Leukämie (ALL)",Germany,gatekeeper_eligible,50,,65,"patients per year (GKV-insured target population, Germany)",2018,2019-03-07,ca. 50 – 65 Patienten,"G-BA Beschluss / Zusammenfassende Dokumentation, Tisagenlecleucel (ALL), D-376, Beschluss vom 7. März 2019",https://www.g-ba.de/downloads/40-268-5774/2019-03-07_AM-RL-XII_Tisagenlecleucel-ALL_D-376_ZD.pdf,verified-from-source,"Company dossier figure adopted by the G-BA; G-BA notes uncertainty (76% B-lineage share, relapse/refractory shares partly non-German). Same document records a stakeholder question citing 'jährliche Patientenzahlen von ca. 500 bis 770 Patienten' in the dossier, apparently across indications; not used."
Kymriah,LBCL_3L,Adult r/r DLBCL after 2 or more lines of systemic therapy (ICER estimate made for axicabtagene ciloleucel; identical label population),US,gatekeeper_eligible,,5902,,patients per year,2016,2018-03-23,"In total, the annual eligible population for axicabtagene ciloleucel was estimated to be 5,902 patients.","ICER, Chimeric Antigen Receptor T-Cell Therapy for B-Cell Cancers: Effectiveness and Value, Final Evidence Report, 23 March 2018",https://icer.org/wp-content/uploads/2020/10/ICER_CAR_T_Final_Evidence_Report_032318.pdf,verified-from-source,"ICER modelled axi-cel but the population (r/r DLBCL after 2+ lines) is the Kymriah 2018 label population. See Yescarta rows for derivation (27,650 DLBCL incident 2016; 35% r/r = 9,678; transplant-ineligible 4,839 of which 49% = 2,371; transplant-eligible 4,839 of which 2,371 + 1,160)."
Kymriah,LBCL_3L,Erwachsene Patienten mit rezidiviertem oder refraktärem diffus großzelligem B-Zell-Lymphom (DLBCL) nach zwei oder mehr Linien einer systemischen Therapie,Germany,gatekeeper_eligible,440,,700,"patients per year (GKV-insured target population, Germany)",2018,2019-03-07,ca. 440 - 700 Patienten,"G-BA Beschluss, Tisagenlecleucel (DLBCL), D-375, Beschluss vom 7. März 2019",https://www.g-ba.de/downloads/39-261-3700/2019-03-07_AM-RL-XII_Tisagenlecleucel-DLBCL_D-375_BAnz.pdf,verified-from-source,Tragende Gründe (https://www.g-ba.de/downloads/40-268-5622/2019-03-07_AM-RL-XII_Tisagenlecleucel-DLBCL_D-375_TrG.pdf) say the company's incidence sources include other diffuse B-cell lymphoma forms and transferability to Germany is uncertain.
Kymriah,LBCL_3L,"Erwachsenen Patienten mit rezidiviertem oder refraktärem diffus großzelligen B-Zell-Lymphom (DLBCL), nach zwei oder mehr Linien einer systemischen Therapie",Germany,gatekeeper_eligible,450,,720,"patients per year (GKV-insured target population, Germany)",2020,2020-09-17,ca. 450 – 720 Patienten,"G-BA Beschluss, Tisagenlecleucel (DLBCL, Neubewertung nach Fristablauf), D-530, Beschluss vom 17. September 2020",https://www.g-ba.de/downloads/39-261-4456/2020-09-17_AM-RL-XII_Tisagenlecleucel_DLBCL_D-530_BAnz.pdf,verified-from-source,Re-assessment after expiry of the 2019 decision; company dossier figure adopted.
Kymriah,LBCL_3L,Diffuse large B-cell lymphoma after 2 or more systemic therapies (NICE TA567),England,gatekeeper_eligible,,,,patients per year,,2019-03-13,,NICE TA567 resources page,https://www.nice.org.uk/guidance/ta567/resources,not-found,"Resources page (retrieved by curl) lists no resource impact document for TA567, so no NICE eligible count is available for tisagenlecleucel in DLBCL. TA567 publication date from memory (March 2019), not verified."
Kymriah,LBCL_3L,"r/r DLBCL, transformed FL and PMBCL (Australian public funding announcement)",Australia,gatekeeper_eligible,200,,250,patients per year,2020,2020,"Between 200 and 250 additional cancer patients with Diffuse Large B Cell Lymphoma, Transformed Follicular Lymphoma and Primary Mediastinal B Cell Lymphoma, are expected to benefit from access to tisagenlecleucel (Kymriah), each year.","Australian Government Department of Health, media release of the Hon Greg Hunt MP, 'Expanded access to cutting edge CAR T-cell therapy'",https://www.health.gov.au/ministers/the-hon-greg-hunt-mp/media/expanded-access-to-cutting-edge-car-t-cell-therapy,provisional-from-snippet,"Search-snippet text; page fetch timed out. Release date not verified (believed early 2020, when MSAC 1519.1 funding took effect). MSAC PSDs 1519 / 1519.1 / 1587 could not be downloaded (msac.gov.au timed out)."
Kymriah,LBCL_3L,"Adult r/r LBCL after 2 or more lines (CADTH review of lisocabtagene maraleucel, same label line)",Canada,gatekeeper_eligible,,,,patients per year,2022,2022-07,"It is estimated that 11,400 people living in Canada will be diagnosed with non-Hodgkin lymphoma each year and 3,000 will die.","CADTH Reimbursement Review, Lisocabtagene Maraleucel (Breyanzi), 3L LBCL, July 2022 (NCBI Bookshelf NBK603593)",https://www.ncbi.nlm.nih.gov/books/NBK603593/,not-found,Review gives NHL incidence and 'DLBCL represents 30% to 40% of all NHL cases' but no count of 3L-eligible patients (budget impact reported in dollars only).
Kymriah,FL_3L,Erwachsene mit rezidiviertem oder refraktärem follikulärem Lymphom (FL) nach zwei oder mehr Linien einer systemischen Therapie,Germany,gatekeeper_eligible,650,,690,"patients per year (GKV-insured target population, Germany)",2022,2022-12-01,ca. 650 – 690 Patientinnen und Patienten,"G-BA Beschluss, Tisagenlecleucel (neues Anwendungsgebiet: follikuläres Lymphom, vorbehandelte Patienten), D-831, Beschluss vom 1. Dezember 2022",https://www.g-ba.de/downloads/91-1385-840/2022-12-01_Geltende-Fassung_Tisagenlecleucel_D-831.pdf,verified-from-source,Geltende Fassung of the Beschluss (valid to 1 Sep 2028). No US or England eligible count for Kymriah in FL was found.
Yescarta,LBCL_3L,Adult r/r DLBCL (incl. transplant-ineligible and post-ASCT relapse) after 2 or more lines of systemic therapy,US,gatekeeper_eligible,,5902,,patients per year,2016,2018-03-23,"In total, the annual eligible population for axicabtagene ciloleucel was estimated to be 5,902 patients.","ICER, Chimeric Antigen Receptor T-Cell Therapy for B-Cell Cancers: Effectiveness and Value, Final Evidence Report, 23 March 2018",https://icer.org/wp-content/uploads/2020/10/ICER_CAR_T_Final_Evidence_Report_032318.pdf,verified-from-source,"Derivation p.66: DLBCL incidence 27,650 (2016, Teras et al.); 35% r/r = 9,678; 50% transplant-ineligible (4,839) of which 49% (2,371) failed salvage and eligible; transplant-eligible 4,839: 2,371 (49%) failed salvage plus 1,160 (47% of ASCT recipients not cured). ICER adds: 'we have not taken into consideration the current annual axicabtagene ciloleucel manufacturing capacity of 4,000 to 5,000 treatments per year.'"
Yescarta,LBCL_3L,"DLBCL, US, all patients (denominator used by ICER)",US,incidence_rate,,27650,,"new cases per year (count, not rate)",2016,2018-03-23,"we first identified the incidence of DLBCL (27,650 patients in 2016) as reported in a 2016 observational study by Teras et al.","ICER, Chimeric Antigen Receptor T-Cell Therapy for B-Cell Cancers: Effectiveness and Value, Final Evidence Report, 23 March 2018",https://icer.org/wp-content/uploads/2020/10/ICER_CAR_T_Final_Evidence_Report_032318.pdf,verified-from-source,"Count not rate. ICER: 'We assumed that 35% of all DLBCL patients relapsed or were refractory to chemotherapy' giving 9,678 r/r DLBCL per year."
Yescarta,LBCL_3L,"r/r DLBCL after first-line and salvage (US, all r/r DLBCL before fitness filters)",US,annual_incident_eligible,,9678,,patients per year,2016,2018-03-23,"Based on a review by Freidberg, 50% of the 9,678 relapsed/refractory DLBCL patients were transplant ineligible, of which 49% (2,371 patients) did not respond to salvage chemotherapy and were eligible for treatment with axicabtagene ciloleucel.","ICER, Chimeric Antigen Receptor T-Cell Therapy for B-Cell Cancers: Effectiveness and Value, Final Evidence Report, 23 March 2018",https://icer.org/wp-content/uploads/2020/10/ICER_CAR_T_Final_Evidence_Report_032318.pdf,verified-from-source,"Intermediate ICER figure (35% of 27,650). Upper bound for any 2L+ CAR-T-eligible estimate in the US."
Yescarta,LBCL_3L,"3L+ DLBCL patients in SEER-Medicare (aged 65+, fee-for-service Medicare), 2017-2020",US,annual_incident_eligible,,560,,patients per year (Medicare SEER areas only),2019,2025,"Between 2017 and 2020, 2241 patients were treated for 3L+ DLBCL in the SEER-Medicare data, of whom 122 (5.4%) received CAR-Ts.","Blood Advances 2025, 'Inequalities in CAR T-cell therapy access for US patients with relapsed/refractory DLBCL: a SEER-Medicare data analysis' (PMC12466227)",https://pmc.ncbi.nlm.nih.gov/articles/PMC12466227/,derived,"Arithmetic: 2,241 / 4 years = 560 per year, restricted to SEER-Medicare coverage (about a third of the US population, aged 65+). The fetch summary also paraphrased 'approximately 987 Medicare patients annually receive third-line or later therapy ... 6.3% of the roughly 15,673 total DLBCL cases'; those two numbers were not read verbatim and may belong to PMC12804711 (US claims study) instead."
Yescarta,LBCL_3L,"Adult r/r DLBCL, US claims-based incidence and share reaching 3L",US,incidence_rate,,15673,,"new cases per year (count, not rate)",2020,2025,"The incidence of DLBCL in the United States is 4.68 DLBCL cases per 100,000 person-years, resulting in 15,673 DLBCL cases per year ... Of the annual DLBCL cases, 987 (6.3%) received 3L therapy.",Search-result snippet attributed to 'Real-world treatment patterns and clinical outcomes among patients with diffuse large B-cell lymphoma in a US healthcare claims database' (PMC12804711) or PMC12466227,https://www.ncbi.nlm.nih.gov/pmc/articles/PMC12804711/,provisional-from-snippet,"Snippet only; article not fetched. Implies 987 patients per year reach 3L on this base (4.68 per 100,000 x US population). A second snippet in the same search stated 'approximately 22,000 new diagnoses of DLBCL in the United States each year'."
Yescarta,LBCL_3L,"Diffuse large B-cell lymphoma and PMBCL after 2 or more systemic therapies (NICE TA872, routine commissioning)",England,gatekeeper_eligible,,,,patients per year,2023,2023-02-28,NICE has produced a resource impact template that incorporates the following technology appraisal guidance for diffuse large B-cell lymphoma after 2 or more systemic treatments,NICE TA872 resource impact template page (last updated 11 March 2024),https://www.nice.org.uk/guidance/ta872/resources/resource-impact-template-13309658173,not-found,"Page (retrieved by curl) only points to a combined Excel template covering TA872, TA927, TA947 and TA954; no eligible count is stated on the page. TA559 (Jan 2019, CDF) resources page lists no resource impact document either."
Yescarta,LBCL_3L,"Erwachsene mit rezidiviertem oder refraktärem (r/r) diffus großzelligem B-Zell-Lymphom (DLBCL) und primär mediastinalem großzelligem B-Zell-Lymphom (PMBCL) nach zwei oder mehr systemischen Therapien, die für eine CAR-T-Zelltherapie oder Stammzelltransplantation infrage kommen",Germany,gatekeeper_eligible,680,,1200,"patients per year (GKV-insured target population, Germany)",2023,2023-12-21,ca. 680 bis 1 200 Patientinnen und Patienten,"G-BA Zusammenfassende Dokumentation, Axicabtagen-Ciloleucel (Neubewertung eines Orphan Drugs nach Überschreitung der 30 Mio. Euro Grenze: DLBCL und PMBCL), D-953, Beschluss vom 21.12.2023 (published 20 March 2024)",https://www.g-ba.de/downloads/40-268-10307/2023-12-21_AM-RL-XII_Axicabtagen-Ciloleucel_D-953_ZD.pdf,verified-from-source,"Population explicitly restricted to patients fit for CAR-T or stem cell transplant, hence comparable to NICE-style eligibility."
Yescarta,LBCL_2L,"LBCL diagnosed per year, US, and share needing second-line treatment (Kite boilerplate)",US,incidence_rate,,18000,,"new cases per year (count, not rate)",2022,2022,"In the United States, more than 18,000 people are diagnosed with LBCL each year, and about 30-40% of patients with LBCL will need second-line treatment","Gilead/Kite press-release boilerplate on LBCL (search snippet; exact release not retrieved, Gilead newsroom URLs returned 404)",https://www.gilead.com/news/news-details/2024/new-kite-clinical-research-and-real-world-evidence-for-yescarta-demonstrate-benefit-from-earlier-lines-of-treatment,provisional-from-snippet,"Snippet only. Implied second-line need: 18,000 x 30-40% = 5,400-7,200 per year (see derived row). The 2L label is narrower (refractory to 1L or relapse within 12 months)."
Yescarta,LBCL_2L,"LBCL needing second-line treatment, US (all 2L, before the refractory/early-relapse restriction)",US,company_addressable,5400,,7200,patients per year,2022,2022,,Derived from the Kite boilerplate above,https://www.gilead.com/news/news-details/2024/new-kite-clinical-research-and-real-world-evidence-for-yescarta-demonstrate-benefit-from-earlier-lines-of-treatment,derived,"Arithmetic: 18,000 x 0.30 = 5,400; 18,000 x 0.40 = 7,200. Upper bound for the ZUMA-7 label population, which excludes relapses after 12 months and transplant-unfit patients."
Yescarta,LBCL_2L,LBCL diagnosed in Europe in 2020 and share needing second-line treatment,EU,incidence_rate,,38000,,"new cases per year (count, not rate)",2020,2022-10-17,"In Europe it is estimated that up to 38,000 new cases of LBCL were diagnosed in 2020.","Gilead press release, 'Kite's Yescarta First CAR T-cell Therapy to Receive European Marketing Authorization for Use in Second-Line DLBCL and HGBL' (17 Oct 2022)",https://www.gilead.com/news/news-details/2022/kites-yescarta-first-car-t-cell-therapy-to-receive-european-marketing-authorization-for-use-in-second-line-diffuse-large-b-cell-lymphoma-and-high-grade-b-cell-lymphoma,verified-from-source,"Same release: 'Although 60% of newly diagnosed LBCL patients, including those with DLBCL, will respond to their initial treatment, 40% will relapse or will not respond and need second-line treatment.' 'Up to' 38,000 is an upper bound."
Yescarta,LBCL_2L,"LBCL needing second-line treatment, Europe (all 2L)",EU,company_addressable,,15200,,patients per year,2020,2022-10-17,,Derived from the Gilead 17 Oct 2022 release,https://www.gilead.com/news/news-details/2022/kites-yescarta-first-car-t-cell-therapy-to-receive-european-marketing-authorization-for-use-in-second-line-diffuse-large-b-cell-lymphoma-and-high-grade-b-cell-lymphoma,derived,"Arithmetic: 38,000 x 40% = 15,200 per year (upper bound; 'up to 38,000')."
Yescarta,LBCL_2L,Relapsed or refractory diffuse large B-cell lymphoma after first-line chemoimmunotherapy (refractory or relapse within 12 months; NICE TA895),England,gatekeeper_eligible,,540,,patients per year,2023,2023-06-07,It is estimated that around 540 people per year with diffuse large B‑cell lymphoma are eligible for treatment with axicabtagene ciloleucel,NICE technology appraisal TA895 resource impact statement/summary report,https://www.nice.org.uk/guidance/ta895/resources/resource-impact-statement-13069465309,verified-from-source,"Page dated 7 June 2023, retrieved by curl. Same page: 'estimated to have a significant capacity impact when compared to non-CAR T-cell therapy treatment options'."
Yescarta,LBCL_2L,"DLBCL returned within a year or refractory to at least one therapy (NICE recommendation, April 2023)",England,gatekeeper_eligible,500,,,patients per year,2023,2023-04-27,"More than 500 patients with diffuse large B-cell lymphoma, whose cancer has either returned after a year or has resisted at least one therapy already, will be eligible for axicabtagene ciloleucel in England each year","National Health Executive, 'NHS to expand blood cancer treatment offering following NICE approval of two new CAR-T therapies' (27 April 2023)",https://www.nationalhealthexecutive.com/articles/nhs-expand-blood-cancer-treatment-offering-following-nice-approval-two-new-car-t-therapies,provisional-from-snippet,Secondary reporting of the NICE estimate (lower bound 'more than 500'); consistent with the 540 in the TA895 resource impact statement.
Yescarta,LBCL_2L,"Erwachsene mit DLBCL oder HGBL, das innerhalb von 12 Monaten nach Abschluss einer Erstlinien-Chemoimmuntherapie rezidiviert oder gegenüber dieser refraktär ist, und für die eine Hochdosistherapie infrage kommt",Germany,gatekeeper_eligible,908,,1394,"patients per year (GKV-insured target population, Germany)",2024,2024-09-24,Tabelle 2: Anzahl der Patientinnen und Patienten in der GKV-Zielpopulation ... 908–1394 Die Angaben des pU zur Anzahl der Patientinnen und Patienten in der GKV-Zielpopulation sind unsicher.,"IQWiG Dossierbewertung A24-71, Axicabtagen-Ciloleucel (DLBCL und HGBL, Zweitlinie), Nutzenbewertung nach Ablauf der Befristung, 24 Sep 2024 (IQWiG-Berichte Nr. 1858)",https://www.g-ba.de/downloads/92-975-7748/2024-07-01_Nutzenbewertung-IQWiG_Axicabtagen-Ciloleucel_D-1078.pdf,verified-from-source,"Company (pU) figure, restricted to patients eligible for high-dose therapy with curative intent; IQWiG judges it uncertain. Steps: r/r after 1L 2838-4257 (30-45%); alive at 2 years 2293-3521; r/r within 12 months 1720-2640 (75%); fit for HDT 1040-1597 (60.5%); GKV share gives 908-1394. The earlier G-BA Beschluss for this indication (2023) was not retrieved."
Yescarta,LBCL_2L,"r/r DLBCL or HGBL within 12 months of first-line, Germany, before high-dose-therapy fitness filter",Germany,annual_incident_eligible,1720,,2640,"patients per year (Germany, all insured)",2024,2024-09-24,Unter Annahme dieses Anteilswerts ermittelt der pU eine Spanne von 1720 bis 2640 Patientinnen und Patienten mit rezidivierter oder refraktärer Erkrankung innerhalb von 1 Jahr nach Abschluss der Erstlinientherapie.,IQWiG Dossierbewertung A24-71 (24 Sep 2024),https://www.g-ba.de/downloads/92-975-7748/2024-07-01_Nutzenbewertung-IQWiG_Axicabtagen-Ciloleucel_D-1078.pdf,verified-from-source,Intermediate step of the company derivation; useful as an upper bound for the 2L label population in Germany. 'Daraus resultiert eine Spanne von 2838 bis 4257 Patientinnen und Patienten mit einem Rezidiv oder refraktärer Erkrankung nach einer Erstlinientherapie.'
Yescarta,LBCL_2L,"DLBCL or HGBL refractory to first-line chemoimmunotherapy or relapsing within 12 months, candidates for ASCT (CADTH reimbursement review)",Canada,gatekeeper_eligible,,,,patients per year,2023,2023-02,"An estimated 11,400 people living in Canada will be diagnosed with NHL each year and 3,000 will die","CADTH Reimbursement Review, Axicabtagene Ciloleucel (Yescarta) for 2L LBCL, February 2023 (NCBI Bookshelf NBK601820)",https://www.ncbi.nlm.nih.gov/books/NBK601820/,not-found,"No explicit eligible count in the accessible review. Shares given: LBCL '30% to 40% of all cases' of NHL; '30% to 50% of patients are refractory to or relapse after first-line therapy'; 'Only about half of the patients with relapsed or refractory LBCL are fit enough for transplant'. CADTH market-share reanalysis 77.4%/87.6%/93.8% in years 1-3; budget impact CAD 103.1m, 117.5m, 127.1m."
Yescarta,LBCL_2L,"r/r LBCL after first line, transplant-fit, Canada (arithmetic on CADTH shares)",Canada,annual_incident_eligible,513,,1140,patients per year,2023,2023-02,,Derived from CADTH NBK601820 statements,https://www.ncbi.nlm.nih.gov/books/NBK601820/,derived,"Arithmetic: 11,400 NHL x 30-40% LBCL = 3,420-4,560; x 30-50% r/r after 1L = 1,026-2,280; x 50% transplant-fit = 513-1,140. Not restricted to relapse within 12 months, so an upper bound."
Yescarta,FL_3L,Relapsed or refractory follicular lymphoma after 3 or more systemic therapies (NICE TA894),England,gatekeeper_eligible,,,,patients per year,2023,2023-06,,NICE TA894 resources page,https://www.nice.org.uk/guidance/ta894/resources,not-found,Resources page (retrieved by curl) lists no resource impact document for TA894.
Yescarta,FL_3L,Erwachsene Patienten mit rezidiviertem oder refraktärem (r/r) follikulärem Lymphom (FL) nach drei oder mehr systemischen Therapien,Germany,gatekeeper_eligible,,,,"patients per year (GKV-insured target population, Germany)",2023,2023-12-21,Dem Beschluss werden die Angaben des pharmazeutischen Unternehmers zu den Patientenzahlen zugrunde gelegt. Diese Angaben des pharmazeutischen Unternehmers sind mit Unsicherheiten behaftet.,"G-BA Tragende Gründe, Axicabtagen-Ciloleucel (FL, Neubewertung Orphan > 30 Mio), D-889, Beschluss vom 21.12.2023",https://www.g-ba.de/downloads/40-268-10060/2023-12-21_AM-RL-XII_Axicabtagen-Ciloleucel_D-889_TrG.pdf,not-found,"The Tragende Gründe discuss the derivation (FL prevalence, line-of-therapy shares) but the count itself is printed in the Beschluss text (BAnz PDF), whose URL was not located before the search budget ran out."
Tecartus,MCL,"Adults with relapsed or refractory mantle cell lymphoma who have previously had a BTK inhibitor (NICE TA677, CDF)",England,gatekeeper_eligible,,110,,patients per year,2021,2021-02-24,It is estimated that around 110 adults per year with relapsed or refractory mantle cell lymphoma who have previously had a BTK inhibitor are eligible for treatment with KTE-X19 and around 100 will receive treatment from year 2 onwards once uptake reaches 90%.,NICE technology appraisal TA677 resource impact statement/summary report,https://www.nice.org.uk/guidance/ta677/resources/resource-impact-statement-9019539181,verified-from-source,"Page dated 24 February 2021, retrieved by curl."
Tecartus,MCL,"Erwachsene Patienten mit rezidiviertem oder refraktärem Mantelzell-Lymphom (MCL) nach zwei oder mehr systemischen Therapien, die einen Bruton-Tyrosinkinase-(BTK-)Inhibitor einschließen",Germany,gatekeeper_eligible,105,,150,"patients per year (GKV-insured target population, Germany)",2021,2021-08-05,ca. 105 – 150 Patienten,"G-BA Beschluss, Autologe Anti-CD19-transduzierte CD3-positive Zellen (Brexucabtagen-Autoleucel, MCL), D-633, Beschluss vom 5. August 2021",https://www.g-ba.de/downloads/39-261-4964/2021-08-05_AM-RL-XII_Autologe-Anti-CD19-transduzierte-CD3-positive-Zellen_D-633_BAnz.pdf,verified-from-source,Tragende Gründe (40-268-7740) note uncertainty about representativeness of the r/r MCL sample used by the company. G-BA restricted use to EMCL-Register centres because of the very small population.
Tecartus,MCL,"Mantle cell lymphoma, US, all new cases (denominator)",US,incidence_rate,3500,,3800,"new cases per year (count, not rate)",2020,2023,"as of 2020, the incidence per 1,000,000 was 10.83 for the general population, which translates to approximately 3,500-3,800 new cases annually in the U.S.","Search-result snippet, ASH 2023 abstract 'A Retrospective Analysis of the Trends in Mantle Cell Lymphomas in the United States' (Blood 142 Suppl 1: 6165)",https://ashpublications.org/blood/article/142/Supplement%201/6165/500835/A-Retrospective-Analysis-of-the-Trends-in-Mantle,provisional-from-snippet,Snippet only. No US estimate of the post-BTK-inhibitor r/r MCL population was found for Tecartus.
Tecartus,ALL_adult,"Relapsed or refractory B-cell acute lymphoblastic leukaemia in people 26 years and over (NICE TA893, CDF)",England,gatekeeper_eligible,,90,,patients per year,2023,2023-06-07,"It is estimated that around 90 people per year, with relapsed or refractory B‑cell acute lymphoblastic leukaemia who are 26 years and over are eligible for treatment with brexucabtagene autoleucel.",NICE technology appraisal TA893 resource impact statement/summary report,https://www.nice.org.uk/guidance/ta893/resources/resource-impact-statement-13069430317,verified-from-source,"Page dated 7 June 2023, retrieved by curl. England label age cut (26+) is narrower than the FDA label (18+)."
Tecartus,ALL_adult,"r/r B-cell ALL aged 26 and older (NHS England estimate, April 2023)",England,gatekeeper_eligible,,,75,patients per year,2023,2023-04-27,"brexucabtagene autoleucel has been made available for those aged 26 and older who have returning or untreatable B-cell acute lymphoblastic leukaemia, which NHS England believes could benefit up to 75 patients a year.",National Health Executive (27 April 2023),https://www.nationalhealthexecutive.com/articles/nhs-expand-blood-cancer-treatment-offering-following-nice-approval-two-new-car-t-therapies,provisional-from-snippet,Secondary reporting; 'up to 75' likely reflects expected treated rather than eligible.
Tecartus,ALL_adult,Erwachsene Patienten ab einem Alter von 26 Jahren mit rezidivierter oder refraktärer B-Zell-Vorläufer akuter lymphatischer Leukämie (ALL),Germany,gatekeeper_eligible,81,,200,"patients per year (GKV-insured target population, Germany)",2023,2023-03-16,ca. 81 – 200 Patientinnen und Patienten,"G-BA Zusammenfassende Dokumentation, Brexucabtagen-Autoleucel (ALL), D-875, Beschluss vom 16. März 2023 (published 15 Nov 2023)",https://www.g-ba.de/downloads/40-268-9952/2023-03-16_AM-RL-XII_Brexucabtagen-Autoleucel_D-875_ZD.pdf,verified-from-source,Based on IQWiG G22-34 and the inotuzumab ozogamicin decision (18 Jan 2018) whose range was '123 bis 200 Patientinnen und Patienten' for all adult r/r B-ALL; the 26+ restriction 'nur eine geringe Auswirkung auf die Patientenzahl hat'.
Tecartus,ALL_adult,"Adult ALL, US, all new cases (denominator; Tecartus US label is adults 18+)",US,incidence_rate,,6500,,"new cases per year (count, not rate)",2023,2025-03,"according to the American Cancer Society is predicted to affect approximately 6,500 adults in the United States in 2023.",Autolus Therapeutics plc Form 10-K for FY2024,https://www.sec.gov/Archives/edgar/data/1730463/000173046325000019/autl-20241231.htm,verified-from-source,Same filing: 'Approximately 50% of all adult ALL patients will relapse'. See Aucatzyl rows for the derived r/r count; the Tecartus and Aucatzyl US label populations are the same (adult r/r B-cell precursor ALL).
Breyanzi,LBCL_3L,"Rezidiviertes oder refraktäres diffus großzelliges B-Zell-Lymphom (DLBCL), primär mediastinales großzelliges B-Zell-Lymphom (PMBCL) und follikuläres Lymphom Grad 3B (FL3B) bei erwachsenen Patienten nach zwei oder mehr Linien einer systemischen Therapie",Germany,gatekeeper_eligible,1420,,1980,"patients per year (GKV-insured target population, Germany)",2021,2023-04-06,ca. 1420 - 1980 Patientinnen und Patienten,"G-BA Tragende Gründe, Lisocabtagen maraleucel (Breyanzi), D-867, Beschluss vom 06.04.2023",https://www.g-ba.de/downloads/40-268-9410/2023-04-06_AM-RL-XII_Lisocabtagen%20maraleucel_D-867_TrG.pdf,verified-from-source,"Company figure based on ZfKD incidence 2012-2017 projected to 2021; 'Es wird davon ausgegangen, dass 30 – 40 % der Patientinnen und Patienten ein Rezidiv oder einen Progress nach einer Erstlinientherapie erleiden.' Unlike the axi-cel and tisa-cel figures, not restricted to CAR-T-fit patients, which explains the higher range."
Breyanzi,LBCL_3L,"Adult r/r LBCL after 2 or more lines of systemic therapy (CADTH review, July 2022)",Canada,gatekeeper_eligible,,,,patients per year,2022,2022-07,"It is estimated that 11,400 people living in Canada will be diagnosed with non-Hodgkin lymphoma each year and 3,000 will die.","CADTH Reimbursement Review, Lisocabtagene Maraleucel (Breyanzi), 3L LBCL (NCBI Bookshelf NBK603593)",https://www.ncbi.nlm.nih.gov/books/NBK603593/,not-found,"No eligible count; CADTH reanalysis 3-year incremental cost CAD 6.88m (years 1-3: 0.66m, 4.01m, 2.21m) at CAD 501,900 per dose, which implies only a few patients per year were expected to be treated. NICE TA (liso-cel 3L, ID1684) was not identified."
Breyanzi,LBCL_2L,Relapsed or refractory large B-cell lymphoma after first-line chemoimmunotherapy when a stem cell transplant is suitable (NICE TA1048),England,gatekeeper_eligible,565,,592,patients per year,2025,2025-03-26,Table 1 Population expected to be eligible for and have liso-cel in England ... People eligible for liso-cel 565 570 576 581 587 592 ... The following assumptions have been used to calculate the eligible population: 27% of people progress to second-line treatment; an autologous stem cell transplant is suitable for 50% of people.,NICE TA1048 resource impact summary report (26 March 2025),https://www.nice.org.uk/guidance/ta1048/resources/resource-impact-summary-report-15301309501,verified-from-source,"Eligible 565 (current practice), 570 (2024/25), 576, 581, 587, 592 (2028/29). Expected uptake 10-30% giving 'People having liso-cel each year 0 57 86 116 147 178'. Same population as Yescarta TA895 (540), which shares the line."
Breyanzi,LBCL_2L,"Relapsed or refractory large B-cell lymphoma (NICE approval, Feb 2025)",England,gatekeeper_eligible,,600,,patients per year,2025,2025-02-21,NICE estimates that approximately 600 patients in England could benefit from the therapy each year.,"AABB News, 'UK's NICE Approves Liso-cel for NHS England' (21 Feb 2025)",https://www.aabb.org/news-resources/news/article/2025/02/21/uk-s-nice-approves-liso-cel-for-nhs-england,provisional-from-snippet,Secondary reporting; rounds the TA1048 figure.
Breyanzi,LBCL_2L,"DLBCL, HGBL, PMBCL or FL3B relapsed within 12 months of or refractory to first-line immunochemotherapy (HAS avis, population cible cumulée sur 3 ans)",France,gatekeeper_eligible,,602,,patients per year,2024,,"The budgetary impact associated with the introduction of BREYANZI represents an increase in health insurance spending in the indication of +28% for a target population of 1,805 cumulative patients over 3 years.","HAS, BREYANZI (lisocabtagene maraleucel) LDGCB/LHGCB/LMPGCB/LF3B après échec de première ligne, avis de la Commission de la Transparence (search-result summary of has-sante.fr page)",https://www.has-sante.fr/jcms/p_3465836/fr/breyanzi-lisocabtagene-maraleucel-lymphome-diffus-a-grandes-cellules-b-ldgcb-lymphome-de-haut-grade-a-cellules-b-lhgcb-lymphome-mediastinal-primitif-a-grandes-cellules-b-lmpgcb-et-lymphome-folliculaire-de-grade-3b-lf3b,derived,"1,805 cumulative over 3 years / 3 = 602 per year (arithmetic). Snippet in English paraphrase; the HAS site returned 403 / aborted on every direct fetch, so the avis date and French wording are unverified. Other HAS avis (Kymriah LDGCB CT-19042, Tecartus CT-19043, Yescarta) could not be read."
Breyanzi,CLL,"Chronic lymphocytic leukemia, US, all new cases (denominator; Breyanzi CLL/SLL label requires prior BTK inhibitor and BCL-2 inhibitor)",US,incidence_rate,,22760,,"new cases per year (count, not rate)",2026,2026,"For 2026, the American Cancer Society estimates about 22,760 new cases of CLL.","American Cancer Society, Key Statistics for Chronic Lymphocytic Leukemia (search snippet)",https://www.cancer.org/cancer/types/chronic-lymphocytic-leukemia/about/key-statistics.html,provisional-from-snippet,Snippet only. No estimate of the double-refractory (post-BTKi and post-venetoclax) CLL population was found; treat the CLL eligible population as a gap.
Breyanzi,FL_3L,"Follicular lymphoma, US, all new cases (denominator; label is r/r FL after 2 or more lines)",US,incidence_rate,,13960,,"new cases per year (count, not rate)",2012,2022,"An estimated incidence of 3.4 per 100,000 population (from 2011 to 2012) translates to about 13,960 new cases per year in the United States.",Search snippet from 'Investigation of the incidence trend of follicular lymphoma from 2008 to 2017 in Taiwan and the United States using population-based data' (PMC8929617),https://www.ncbi.nlm.nih.gov/pmc/articles/PMC8929617/,provisional-from-snippet,"Snippet only. No estimate of the 3L+ FL population eligible for CAR-T in the US was found for Breyanzi, Kymriah or Yescarta."
Breyanzi,MCL,"Mantle cell lymphoma, US, all new cases (denominator; label is r/r MCL after 2 or more lines including a BTK inhibitor)",US,incidence_rate,3500,,3800,"new cases per year (count, not rate)",2020,2023,"as of 2020, the incidence per 1,000,000 was 10.83 for the general population, which translates to approximately 3,500-3,800 new cases annually in the U.S.","Search-result snippet, ASH 2023 abstract (Blood 142 Suppl 1: 6165)",https://ashpublications.org/blood/article/142/Supplement%201/6165/500835/A-Retrospective-Analysis-of-the-Trends-in-Mantle,provisional-from-snippet,"Snippet only; see Tecartus MCL rows for England (110) and Germany (105-150), which share the post-BTKi MCL population."
Aucatzyl,ALL_adult,Adults (18+) with relapsed or refractory B-cell precursor ALL (US label); adult ALL new cases as denominator,US,incidence_rate,,6500,,"new cases per year (count, not rate)",2023,2025-03,"according to the American Cancer Society is predicted to affect approximately 6,500 adults in the United States in 2023.",Autolus Therapeutics plc Form 10-K for FY2024,https://www.sec.gov/Archives/edgar/data/1730463/000173046325000019/autl-20241231.htm,verified-from-source,Filing date taken as March 2025 from the accession number; day not verified.
Aucatzyl,ALL_adult,"Adult ALL patients who relapse, US (arithmetic on Autolus 10-K statements)",US,company_addressable,,3250,,patients per year,2023,2025-03,Approximately 50% of all adult ALL patients will relapse,Autolus Therapeutics plc Form 10-K for FY2024,https://www.sec.gov/Archives/edgar/data/1730463/000173046325000019/autl-20241231.htm,derived,"Arithmetic: 6,500 x 50% = 3,250 relapsed adult ALL per year; excludes primary refractory patients and does not subtract those unfit for CAR-T. The 10-K gives no explicit addressable-population figure."
Aucatzyl,ALL_adult,"Adult ALL, US and EU combined: new cases and relapsed/refractory patients per year (Autolus corporate materials)",US and EU,company_addressable,,3000,,patients per year,2024,2024,"Approximately 8,400 new cases of adult ALL are diagnosed every year in the US and EU, with around 3,000 patients in the relapsed refractory setting.",Autolus corporate presentation / investor materials (search-result summary; exact document not retrieved),https://quartr.com/events/autolus-therapeutics-autl-corporate-presentation_FLfrkeW2,provisional-from-snippet,"Snippet only; the 8,400 incident cases is a combined US+EU figure. Applies equally to the Tecartus adult ALL population."
Aucatzyl,ALL_adult,Relapsed or refractory B-cell precursor ALL in adults 26 years and over (NICE TA1116),England,gatekeeper_eligible,,50,,patients per year,2025,2025-12-11,The eligible population is estimated to be around 50 people.,NICE TA1116 resource impact summary report (11 December 2025),https://www.nice.org.uk/guidance/ta1116/resources/resource-impact-summary-report-15546945565,verified-from-source,Page retrieved by curl. Lower than the TA893 brexu-cel figure (90) for the same population two years earlier. NICE guidance (NCBI NBK620353) adds: 'around 22.5% of people having tisagenlecleucel in the NHS are aged 18 to 25 years'. G-BA and HAS assessments of obe-cel were not located before the search budget ran out.
