product,indication_key,indication_label,geography,measure_type,value_low,value_point,value_high,unit,estimate_year,as_of_date,verbatim,source_doc,source_url,status,notes
Abecma,MM_5L,r/r MM after 4 or more prior lines (triple-class exposed/refractory); US 2021 Abecma and 2022 Carvykti labels,US,gatekeeper_eligible,,10580,,"patients per year initiating treatment (eligible for BCMA CAR-T, both products combined)",2021,2021-05-11,"We assumed that 20% of these patients would initiate treatment in each of the five years, or approximately 10,580 patients eligible for CAR-T therapy and 4,900 eligible for belantamab each year.","ICER, Anti B-Cell Maturation Antigen CAR T-cell and Antibody Drug Conjugate Therapy for Heavily Pre-Treated Relapsed and Refractory Multiple Myeloma, Final Report, 11 May 2021 (updated 9 July 2021), potential budget impact section",https://icer.org/wp-content/uploads/2020/10/ICER_Multiple-Myeloma_Final-Report_Update_09102021.pdf,verified-from-source,"ICER derivation: 'It is estimated that 140,000 Americans are living with MM' x 70% refractory to CD38 antibodies = 98,000; 54% triple/quad-refractory = 52,900; 20% initiate per year = 10,580. Population is 'at a minimum triple-class refractory' heavily pre-treated MM, matching the 2021/2022 US labels (4+ prior lines). Identical row recorded under both Abecma and Carvykti."
Abecma,MM_5L,r/r MM after 4 or more prior lines (triple-class exposed/refractory); US 2021 Abecma and 2022 Carvykti labels,US,gatekeeper_eligible,,5290,,"patients per year allocated to this CAR-T (ICER split of the 10,580 eligible population in half)",2021,2021-05-11,"Because the CAR-T therapies will be launched (if cilta-cel is approved) within a short period of each other, the eligible population of approximately 10,580 triple or quad-refractory patients per year was split in half between the two interventions (approximately 5,290 per year per CAR-T therapy).","ICER, Anti B-Cell Maturation Antigen CAR T-cell and Antibody Drug Conjugate Therapy for Heavily Pre-Treated Relapsed and Refractory Multiple Myeloma, Final Report, 11 May 2021 (updated 9 July 2021), potential budget impact section",https://icer.org/wp-content/uploads/2020/10/ICER_Multiple-Myeloma_Final-Report_Update_09102021.pdf,verified-from-source,"Modelling allocation, not an epidemiological count; use 10,580 as the class-level eligible population."
Abecma,MM_5L,r/r MM after 4 or more prior lines (triple-class exposed/refractory); US 2021 Abecma and 2022 Carvykti labels,US,prevalent_eligible,,52900,,prevalent US patients classified as triple- or quad-refractory (2021),2021,2021-05-11,"Therefore, we estimated approximately 98,000 MM patients are refractory to CD38-targeting antibodies, with approximately 52,900 classified as triple or quad-refractory and 24,500 classified as at least penta-refractory in the US.","ICER, Anti B-Cell Maturation Antigen CAR T-cell and Antibody Drug Conjugate Therapy for Heavily Pre-Treated Relapsed and Refractory Multiple Myeloma, Final Report, 11 May 2021 (updated 9 July 2021), potential budget impact section",https://icer.org/wp-content/uploads/2020/10/ICER_Multiple-Myeloma_Final-Report_Update_09102021.pdf,verified-from-source,"Stock (prevalent pool), not an annual flow; ICER converts it to a flow by assuming 20% initiate treatment each year."
Abecma,MM_5L,patients reaching a 5th line of therapy (proxy for 'after 4 or more prior lines'),US,annual_incident_eligible,2880,,7920,patients per year (incident cohort reaching 5th line),2026,2020-11-10,Only 8% of total non-transplant patients and 22% of total transplant patients received a fifth LOT.,"Fonseca R et al., Frontline treatment patterns and attrition rates by subsequent lines of therapy in patients with newly diagnosed multiple myeloma, BMC Cancer 2020;20:1087 (PMC7656738); incidence from SEER Cancer Stat Facts: Myeloma (36,000 new cases 2026)",https://pmc.ncbi.nlm.nih.gov/articles/PMC7656738/,derived,"36,000 x 0.08 = 2,880 (all non-transplant) to 36,000 x 0.22 = 7,920 (all transplant); true mix lies between. Attrition data from US claims/EHR databases 2000s-2010s, before modern quadruplets; not restricted to triple-class refractory."
Abecma,MM_4L,"r/r MM after at least 3 prior therapies incl. IMiD, PI and anti-CD38, progression on last therapy (EU 2021/2022 labels)",UK,annual_incident_eligible,,980,,patients per year reaching a 4th or later line,2022,2016-07,almost all patients diagnosed with symptomatic MM who were treated by haematologists received at least one line of active treatment (95%) whereas only 15% received a fourth or further line,"Yong K et al., Multiple myeloma: patient outcomes in real-world practice, Br J Haematol 2016;175:252-264 (PMC5096152); incidence from Cancer Research UK (6,532 new myeloma cases per year, 2019, 2021-2022)",https://pmc.ncbi.nlm.nih.gov/articles/PMC5096152/,derived,"6,532 x 0.15 = 980. Share from a 2014 retrospective chart review in Belgium, France, Germany, Italy, Spain, Switzerland and UK (4,997 charts), not UK-specific. No NICE figure exists because the Abecma (TA936, TA1084) and Carvykti (TA889) appraisals were terminated."
Carvykti,MM_5L,r/r MM after 4 or more prior lines (triple-class exposed/refractory); US 2021 Abecma and 2022 Carvykti labels,US,gatekeeper_eligible,,10580,,"patients per year initiating treatment (eligible for BCMA CAR-T, both products combined)",2021,2021-05-11,"We assumed that 20% of these patients would initiate treatment in each of the five years, or approximately 10,580 patients eligible for CAR-T therapy and 4,900 eligible for belantamab each year.","ICER, Anti B-Cell Maturation Antigen CAR T-cell and Antibody Drug Conjugate Therapy for Heavily Pre-Treated Relapsed and Refractory Multiple Myeloma, Final Report, 11 May 2021 (updated 9 July 2021), potential budget impact section",https://icer.org/wp-content/uploads/2020/10/ICER_Multiple-Myeloma_Final-Report_Update_09102021.pdf,verified-from-source,"ICER derivation: 'It is estimated that 140,000 Americans are living with MM' x 70% refractory to CD38 antibodies = 98,000; 54% triple/quad-refractory = 52,900; 20% initiate per year = 10,580. Population is 'at a minimum triple-class refractory' heavily pre-treated MM, matching the 2021/2022 US labels (4+ prior lines). Identical row recorded under both Abecma and Carvykti."
Carvykti,MM_5L,r/r MM after 4 or more prior lines (triple-class exposed/refractory); US 2021 Abecma and 2022 Carvykti labels,US,gatekeeper_eligible,,5290,,"patients per year allocated to this CAR-T (ICER split of the 10,580 eligible population in half)",2021,2021-05-11,"Because the CAR-T therapies will be launched (if cilta-cel is approved) within a short period of each other, the eligible population of approximately 10,580 triple or quad-refractory patients per year was split in half between the two interventions (approximately 5,290 per year per CAR-T therapy).","ICER, Anti B-Cell Maturation Antigen CAR T-cell and Antibody Drug Conjugate Therapy for Heavily Pre-Treated Relapsed and Refractory Multiple Myeloma, Final Report, 11 May 2021 (updated 9 July 2021), potential budget impact section",https://icer.org/wp-content/uploads/2020/10/ICER_Multiple-Myeloma_Final-Report_Update_09102021.pdf,verified-from-source,"Modelling allocation, not an epidemiological count; use 10,580 as the class-level eligible population."
Carvykti,MM_5L,r/r MM after 4 or more prior lines (triple-class exposed/refractory); US 2021 Abecma and 2022 Carvykti labels,US,prevalent_eligible,,52900,,prevalent US patients classified as triple- or quad-refractory (2021),2021,2021-05-11,"Therefore, we estimated approximately 98,000 MM patients are refractory to CD38-targeting antibodies, with approximately 52,900 classified as triple or quad-refractory and 24,500 classified as at least penta-refractory in the US.","ICER, Anti B-Cell Maturation Antigen CAR T-cell and Antibody Drug Conjugate Therapy for Heavily Pre-Treated Relapsed and Refractory Multiple Myeloma, Final Report, 11 May 2021 (updated 9 July 2021), potential budget impact section",https://icer.org/wp-content/uploads/2020/10/ICER_Multiple-Myeloma_Final-Report_Update_09102021.pdf,verified-from-source,"Stock (prevalent pool), not an annual flow; ICER converts it to a flow by assuming 20% initiate treatment each year."
Carvykti,MM_5L,patients reaching a 5th line of therapy (proxy for 'after 4 or more prior lines'),US,annual_incident_eligible,2880,,7920,patients per year (incident cohort reaching 5th line),2026,2020-11-10,Only 8% of total non-transplant patients and 22% of total transplant patients received a fifth LOT.,"Fonseca R et al., Frontline treatment patterns and attrition rates by subsequent lines of therapy in patients with newly diagnosed multiple myeloma, BMC Cancer 2020;20:1087 (PMC7656738); incidence from SEER Cancer Stat Facts: Myeloma (36,000 new cases 2026)",https://pmc.ncbi.nlm.nih.gov/articles/PMC7656738/,derived,"36,000 x 0.08 = 2,880 (all non-transplant) to 36,000 x 0.22 = 7,920 (all transplant); true mix lies between. Attrition data from US claims/EHR databases 2000s-2010s, before modern quadruplets; not restricted to triple-class refractory."
Carvykti,MM_4L,"r/r MM after at least 3 prior therapies incl. IMiD, PI and anti-CD38, progression on last therapy (EU 2021/2022 labels)",UK,annual_incident_eligible,,980,,patients per year reaching a 4th or later line,2022,2016-07,almost all patients diagnosed with symptomatic MM who were treated by haematologists received at least one line of active treatment (95%) whereas only 15% received a fourth or further line,"Yong K et al., Multiple myeloma: patient outcomes in real-world practice, Br J Haematol 2016;175:252-264 (PMC5096152); incidence from Cancer Research UK (6,532 new myeloma cases per year, 2019, 2021-2022)",https://pmc.ncbi.nlm.nih.gov/articles/PMC5096152/,derived,"6,532 x 0.15 = 980. Share from a 2014 retrospective chart review in Belgium, France, Germany, Italy, Spain, Switzerland and UK (4,997 charts), not UK-specific. No NICE figure exists because the Abecma (TA936, TA1084) and Carvykti (TA889) appraisals were terminated."
Abecma,MM_3L,"r/r MM after at least 2 prior therapies incl. IMiD, PI and anti-CD38 (US and EU 2024 Abecma labels)",US,label_indication,,,,,2024,2024-04-05,"For the treatment of adult patients with relapsed or refractory multiple myeloma after two or more prior lines of therapy including an immunomodulatory agent (IMiD), a proteasome inhibitor (PI), and an anti-CD38 monoclonal antibody","Bristol Myers Squibb press release, U.S. FDA Approves Bristol Myers Squibb and 2seventy bio's Abecma for Triple-Class Exposed Relapsed or Refractory Multiple Myeloma After Two Prior Lines of Therapy, 5 April 2024",https://news.bms.com/news/details/2024/U.S.-FDA-Approves-Bristol-Myers-Squibb-and-2seventy-bios-Abecma-for-Triple-Class-Exposed-Relapsed-or-Refractory-Multiple-Myeloma-After-Two-Prior-Lines-of-Therapy/default.aspx,verified-from-source,Original US label (26 March 2021) required four or more prior lines (MM_5L). The press release gives no eligible-population count; no BMS or 2seventy addressable-population figure was found (2seventy IR site no longer resolves after the 2025 BMS acquisition).
Abecma,MM_all,all multiple myeloma (not label-restricted),US,incidence_rate,,36000,,"estimated new cases of myeloma in 2026, US (population base: whole US population; rate 7.4 per 100,000 per year, 2019-2023)",2026,2026-09-05,"Estimated New Cases in 2026: 36,000; Estimated Deaths in 2026: 10,850; rate of new cases 7.4 per 100,000 men and women per year",NCI SEER Cancer Stat Facts: Myeloma (accessed 5 Sep 2026),https://seer.cancer.gov/statfacts/html/mulmy.html,verified-from-source,ACS projections reproduced by SEER. Applies to Carvykti too.
Abecma,MM_all,all multiple myeloma (not label-restricted),US,prevalence_rate,,202793,,people living with myeloma in the US in 2023 (population base: whole US population),2023,2026-09-05,"202,793 people living with myeloma in the United States (2023)",NCI SEER Cancer Stat Facts: Myeloma (accessed 5 Sep 2026),https://seer.cancer.gov/statfacts/html/mulmy.html,verified-from-source,"Compare ICER's 2021 assumption of 140,000 Americans living with MM. Applies to Carvykti too."
Abecma,MM_3L,"r/r MM after at least 2 prior therapies incl. IMiD, PI and anti-CD38 (US and EU 2024 Abecma labels)",US,annual_incident_eligible,8530,,19620,patients per year reaching a 3rd line of therapy (incident-cohort basis),2026,2020-11-10,"After frontline therapy, 43% of non-transplant patients and 79% of transplant patients received a second LOT, and of these, only 55% and 69% went on to receiving a third LOT, respectively.","Fonseca R et al., Frontline treatment patterns and attrition rates by subsequent lines of therapy in patients with newly diagnosed multiple myeloma, BMC Cancer 2020;20:1087 (PMC7656738); incidence from SEER Cancer Stat Facts: Myeloma (36,000 new cases 2026)",https://pmc.ncbi.nlm.nih.gov/articles/PMC7656738/,derived,"36,000 x 0.43 x 0.55 = 8,514 (all non-transplant) to 36,000 x 0.79 x 0.69 = 19,624 (all transplant); rounded. Not restricted to triple-class exposed patients, so an upper bound for the 2024 label."
Abecma,MM_all,all multiple myeloma (not label-restricted),UK,incidence_rate,,6532,,"new myeloma cases per year, UK (average of 2019, 2021-2022; population base whole UK)",2022,2026-09-05,"6,532 new myeloma cases in the UK every year, 2019, 2021-2022, UK.","Cancer Research UK, Myeloma statistics (accessed 5 Sep 2026)",https://www.cancerresearchuk.org/health-professional/cancer-statistics/statistics-by-cancer-type/myeloma,verified-from-source,"England is roughly 84% of the UK population (about 5,500 cases). Applies to Carvykti too."
Abecma,MM_4L,NICE TA936: after 3 or more treatments; NICE TA1084: after 2 to 4 treatments,England,gatekeeper_eligible,,,,,,2025,Idecabtagene vicleucel for treating relapsed and refractory multiple myeloma after 3 or more treatments (terminated appraisal),"NICE TA936 (terminated appraisal) and TA1084 (terminated appraisal, after 2 to 4 treatments)",https://www.nice.org.uk/guidance/ta936,not-found,"Both NICE appraisals of Abecma were terminated (no committee papers, no resource impact report), so no NICE count of eligible people in England exists. The brief's TA1027 is tebentafusp for uveal melanoma, not Abecma."
Abecma,MM_3L,"r/r MM after at least 2 prior therapies incl. IMiD, PI and anti-CD38 (US and EU 2024 Abecma labels)",UK,annual_incident_eligible,914,,2482,patients per year reaching a 3rd line of therapy,2022,2020-11-10,"In similar analyses of European patients with NDMM, 32-61%, 14-38%, 15%, and 1% received a second, third, fourth, and fifth LOT","Fonseca R et al., Frontline treatment patterns and attrition rates by subsequent lines of therapy in patients with newly diagnosed multiple myeloma, BMC Cancer 2020;20:1087 (PMC7656738) (summary of European studies); incidence from Cancer Research UK (6,532 new myeloma cases per year)",https://pmc.ncbi.nlm.nih.gov/articles/PMC7656738/,derived,"6,532 x 0.14 = 914 to 6,532 x 0.38 = 2,482. European shares pooled from several chart reviews; not UK-specific and not restricted to triple-class exposed patients."
Abecma,MM_4L,"Erwachsene mit rezidiviertem und refraktaerem multiplen Myelom, die mindestens drei vorausgegangene Therapien, einschliesslich eines Immunmodulators, eines Proteasominhibitors und eines Anti-CD38-Antikoerpers, erhalten und unter der letzten Therapie eine Krankheitsprogression gezeigt haben",Germany,gatekeeper_eligible,1200,,1300,patients per year in the GKV (statutory health insurance) target population,2022,2022-06-16,ca. 1 200 - 1 300 Patientinnen und Patienten,"G-BA Beschluss ueber eine Aenderung der Arzneimittel-Richtlinie Anlage XII: Idecabtagen vicleucel (Multiples Myelom, mind. 3 Vortherapien), Beschluss vom 16. Juni 2022 (BAnz AT 16.08.2022 B5), section 2 Anzahl der Patientinnen und Patienten",https://www.g-ba.de/downloads/39-261-5470/2022-06-16_AM-RL-XII_Idecabtagen%20vicleucel_D-779_BAnz.pdf,verified-from-source,GKV covers about 88% of the German population; scale by ~1.13 for a national figure. The 2023 Carvykti decision re-used this figure uprated by 0.80%/yr.
Abecma,MM_3L,"Erwachsene mit rezidiviertem und refraktaerem multiplem Myelom, die mindestens 2 vorausgegangene Therapien, einschliesslich eines Immunmodulators, eines Proteasominhibitors und eines Anti-CD38-Antikoerpers, erhalten und unter der letzten Therapie eine Krankheitsprogression gezeigt haben",Germany,gatekeeper_eligible,4900,,5250,patients per year in the GKV (statutory health insurance) target population,2024,2024-09-19,ca. 4 900 bis 5 250 Patientinnen und Patienten,"G-BA Beschluss AM-RL Anlage XII: Idecabtagen vicleucel (Neubewertung Orphan > 30 Mio, mind. 3 Vortherapien; neues Anwendungsgebiet mind. 2 Vortherapien), Beschluss vom 19. September 2024 (BAnz AT 07.11.2024 B3), section 2",https://www.g-ba.de/downloads/39-261-6798/2024-09-19_AM-RL-XII_Idecabtagen-vicleucel_D-1057_BAnz.pdf,verified-from-source,Single count given for the >=2 prior therapies population (which contains the >=3 group). Roughly 4x the 2022 >=3-prior-therapies estimate. Decision amended 19 Dec 2024 (beschluesse/6967) - amendment not checked for changed numbers.
Abecma,MM_4L,"patients adultes atteints d'un myelome multiple en rechute et refractaire ayant recu au moins trois traitements anterieurs, incluant un agent immunomodulateur, un inhibiteur de proteasome et un anticorps anti CD38, et dont la maladie a progresse pendant le dernier traitement",France,gatekeeper_eligible,,740,,patients per year (stated as a maximum),2021,2021-12-15,La population cible d'ABECMA (idecabtagene vicleucel) est estimee au maximum a 740 patients par an.,"HAS Commission de la Transparence, Avis ABECMA (idecabtagene vicleucel), premiere evaluation, 15 decembre 2021 (CT-19358), section Population cible",https://www.has-sante.fr/upload/docs/evamed/CT-19358_ABECMA_PIC_INS_AvisDef_CT19358.pdf,verified-from-source,"Upper bound: 5,442 new MM/plasmacytoma cases in France 2018; 15-20% asymptomatic; 4,352-4,622 need first-line treatment; EMMY real-world study: 16% of patients started a 4th line; assumes all had received anti-CD38, PI and IMiD. HAS server returns 403 to direct fetch; text read from the web.archive.org copy of the PDF."
Abecma,MM_all,all multiple myeloma and plasmacytoma (not label-restricted),France,incidence_rate,,5442,,"new cases of multiple myeloma and plasmacytoma, France, 2018 (population base whole France)",2018,2021-12-15,"En France, en 2018, le nombre de nouveaux cas de myelome multiple et de plasmocytome a ete estime a 5 442","HAS Commission de la Transparence, Avis ABECMA, 15 decembre 2021 (CT-19358), section Population cible",https://www.has-sante.fr/upload/docs/evamed/CT-19358_ABECMA_PIC_INS_AvisDef_CT19358.pdf,verified-from-source,"Same avis: 16% of treated patients start a 4th line (EMMY study, 1,929 patients treated 2017-2018). Applies to Carvykti too."
Abecma,MM_4L,"r/r MM after at least 3 prior therapies incl. IMiD, PI and anti-CD38, progression on last therapy (EU 2021/2022 labels)",France,gatekeeper_eligible,,1034,,"patients, cumulative over 3 years (population cible used in the CEESP budget impact)",2022,2021-11-23,"L'impact budgetaire associe a l'introduction d'ide-cel sur le marche represente une augmentation des depenses de l'assurance maladie dans cette indication de 93%, pour une population cible de 1 034 patients cumules sur 3 ans.","HAS page ABECMA (idecabtagene vicleucel), summary of the CEESP avis economique of 23 novembre 2021",https://www.has-sante.fr/jcms/p_3308681/fr/abecma-idecabtagene-vicleucel,verified-from-source,About 345 patients per year if spread evenly - below the CT's 740/yr maximum. Full economic avis PDF: https://www.has-sante.fr/upload/docs/application/pdf/2022-01/abecma_23112021_avis_economique.pdf (not retrieved).
Abecma,MM_3L,"patients adultes atteints d'un myelome multiple en rechute et refractaire ayant recu au moins deux traitements anterieurs, incluant un agent immunomodulateur (IMID), un inhibiteur du proteasome (IP) et un anticorps anti-CD38, et dont la maladie a progresse pendant le dernier traitement",France,gatekeeper_eligible,,1600,,"patients per year (population cible, 'environ')",2024,2024-07-17,La population cible est estimee a environ 1 600 patients.,"HAS Commission de la Transparence, Avis ABECMA extension d'indication, adopte le 17 juillet 2024 (CT-20857)",https://www.has-sante.fr/upload/docs/evamed/CT-20857_ABECMA_PIC_EI_AvisDef_CT20857.pdf,verified-from-source,Roughly 2.2x the 2021 4L+ maximum of 740. Text read through a reader proxy of the HAS PDF (direct fetch 403).
Abecma,MM_4L,"saihatsu mata wa nanjisei no tahatsusei kotsuzuishu, >=3 prior therapies incl. IMiD, PI and anti-CD38 (Japanese label)",Japan,company_addressable,,149,,patients treated per year at peak (applicant market forecast accepted at NHI price listing; peak = 10th fiscal year after listing),2031,2022-04-13,予測年度 １０年度 / 予測本剤投与患者数 １４９人 / 予測販売金額(ピーク時) ４９億円,"MHLW, Chuikyo general assembly 13 April 2022, So-2: 再生医療等製品の保険償還価格の算定について アベクマ点滴静注 (idecabtagene vicleucel)",https://www.mhlw.go.jp/content/12404000/000928315.pdf,verified-from-source,"Forecast of patients treated, not eligible - a lower bound on the Japanese eligible population. Listed 20 Apr 2022 at 32,647,761 yen per patient; approval 20 Jan 2022. Japanese label: no prior BCMA CAR-T; >=3 prior therapies incl. IMiD, PI, anti-CD38; progression or relapse after last therapy."
Abecma,MM_4L,"r/r MM after at least 3 prior therapies incl. IMiD, PI and anti-CD38 (Canadian indication)",Canada,gatekeeper_eligible,251,,325,"patients eligible per year (sponsor budget impact estimate; years 1-3: 251, 325, 268)",2023,2022-02,Year 1: 251 patients; Year 2: 325 patients; Year 3: 268 patients (sponsor estimate of the eligible population),"CADTH Reimbursement Review, Idecabtagene Vicleucel (Abecma), Pharmacoeconomic Review Report, February 2022 (NCBI Bookshelf NBK595403)",https://www.ncbi.nlm.nih.gov/books/NBK595403/,provisional-from-snippet,"Figures taken from a fetch summary of the budget impact analysis, exact table cells not seen. CADTH reanalysis removed the sponsor's compassionate-care and ECOG exclusions, giving a larger (uncaptured) population. Sponsor assumed ~30% of prevalent cases aged 20-79 were in 4th-line-or-later settings. A capacity-constrained scenario gives 177, 310 and 354 treatable patients in years 1-3."
Carvykti,MM_2L,"r/r MM after at least 1 prior line incl. IMiD and PI, lenalidomide-refractory, progression on last therapy (Carvykti 2024 labels)",US,label_indication,,,,,2024,2024-04-05,"one prior line of therapy including a proteasome inhibitor (""PI"") and an immunomodulatory agent (""IMiD""), have demonstrated disease progression on the last therapy and are refractory to lenalidomide","Legend Biotech Form 20-F for fiscal year 2025 (filed 2026), business description of the April 2024 FDA approval",https://www.sec.gov/Archives/edgar/data/1801198/000180119826000008/legn-20251231.htm,verified-from-source,Original US label (28 Feb 2022): after four or more prior lines (MM_5L). EU label since April 2024 identical in scope to the US 2024 label.
Carvykti,MM_2L,"r/r MM after at least 1 prior line incl. IMiD and PI, lenalidomide-refractory, progression on last therapy (Carvykti 2024 labels)",US,company_addressable,,,,,,2026-03,(no eligible-population or incidence figure in the filing),Legend Biotech Form 20-F FY2025 (filed 2026) and FY2024; Legend JPM 2026 presentation (investors.legendbiotech.com/node/9361/pdf) not retrievable (timeout),https://www.sec.gov/Archives/edgar/data/1801198/000180119826000008/legn-20251231.htm,not-found,"Neither Legend's 20-F filings nor the J&J/Legend 2024 approval releases state an eligible 2L+ population. Legend does state Raritan capacity of 10,000 patients per year, being expanded toward 20,000 doses (per 2025-2026 releases, not verified here)."
Carvykti,MM_2L,"r/r MM after at least 1 prior line incl. IMiD and PI, lenalidomide-refractory, progression on last therapy (Carvykti 2024 labels)",US,annual_incident_eligible,15480,,28440,"patients per year reaching a 2nd line of therapy (incident-cohort basis, not adjusted for lenalidomide refractoriness)",2026,2020-11-10,"After frontline therapy, 43% of non-transplant patients and 79% of transplant patients received a second LOT, and of these, only 55% and 69% went on to receiving a third LOT, respectively.","Fonseca R et al., Frontline treatment patterns and attrition rates by subsequent lines of therapy in patients with newly diagnosed multiple myeloma, BMC Cancer 2020;20:1087 (PMC7656738); incidence from SEER Cancer Stat Facts: Myeloma (36,000 new cases 2026)",https://pmc.ncbi.nlm.nih.gov/articles/PMC7656738/,derived,"36,000 x 0.43 = 15,480 (all non-transplant) to 36,000 x 0.79 = 28,440 (all transplant). Label also requires lenalidomide refractoriness and progression on last therapy; share refractory not sourced here, so treat as an upper bound."
Carvykti,MM_2L,NICE TA889 (terminated); GID-TA12518 deferred appraisal: relapsed and lenalidomide-refractory MM after 1 to 3 therapies,England,gatekeeper_eligible,,,,,,2026,NICE is unable to make a recommendation on ciltacabtagene autoleucel (Carvykti) for treating relapsed or refractory multiple myeloma in adults because Janssen withdrew its evidence submission for the appraisal.,NICE TA889 Ciltacabtagene autoleucel for treating relapsed or refractory multiple myeloma (terminated appraisal); NICE GID-TA12518 project page,https://www.nice.org.uk/guidance/indevelopment/gid-ta12518,not-found,"TA889 wording from a search snippet (nice.org.uk returns 403). Deferred appraisal GID-TA12518: committee meeting scheduled 4 Feb 2027, expected publication 7 Apr 2027 - no resource impact report yet. The brief's TA870 and TA1024 are not Carvykti appraisals (TA1024 is toripalimab)."
Carvykti,MM_2L,"r/r MM after at least 1 prior line incl. IMiD and PI, lenalidomide-refractory, progression on last therapy (Carvykti 2024 labels)",UK,annual_incident_eligible,2090,,3985,patients per year reaching a 2nd line of therapy (not adjusted for lenalidomide refractoriness),2022,2020-11-10,"In similar analyses of European patients with NDMM, 32-61%, 14-38%, 15%, and 1% received a second, third, fourth, and fifth LOT","Fonseca R et al., Frontline treatment patterns and attrition rates by subsequent lines of therapy in patients with newly diagnosed multiple myeloma, BMC Cancer 2020;20:1087 (PMC7656738) (summary of European studies); incidence from Cancer Research UK (6,532 new myeloma cases per year)",https://pmc.ncbi.nlm.nih.gov/articles/PMC7656738/,derived,"6,532 x 0.32 = 2,090 to 6,532 x 0.61 = 3,985. Upper bound for the label (lenalidomide-refractory subset only)."
Carvykti,MM_4L,"Erwachsene mit rezidiviertem und refraktaerem multiplem Myelom, die mindestens drei vorausgegangene Therapien (Immunmodulator, Proteasominhibitor, Anti-CD38-Antikoerper) erhalten und unter der letzten Therapie eine Krankheitsprogression gezeigt haben",Germany,gatekeeper_eligible,1210,,1310,"persons in the GKV (statutory health insurance) target population, 2023",2023,2023-08-17,Daraus ergeben sich etwa 1210 bis 1310 Personen in der GKV-Zielpopulation.,"G-BA Tragende Gruende zum Beschluss AM-RL Anlage XII: Ciltacabtagen autoleucel (Multiples Myelom, mind. 3 Vortherapien), Beschluss vom 3. August 2023, Tragende Gruende vom 17. August 2023, section 2.2",https://www.g-ba.de/downloads/40-268-9716/2023-08-17_AM-RL-XII_Ciltacabtagen%20autoleucel_D-919_TrG.pdf,verified-from-source,"Company took the ide-cel 2022 figure (1,200-1,300) and applied a 0.80%/yr increase in 5-year prevalence (RKI cancer registry); G-BA accepted it as the best available estimate. Decision time-limited to 1 July 2026."
Carvykti,MM_2L,"a1) Erwachsene mit rezidiviertem und refraktaerem multiplen Myelom, die ein bis drei vorhergehende Therapien erhalten haben, waehrend der letzten Therapie eine Krankheitsprogression gezeigt haben und refraktaer gegenueber Lenalidomid sind; Vorbehandlung umfasst einen Immunmodulator und einen Proteasom-Inhibitor",Germany,gatekeeper_eligible,1180,,2460,"patients per year in the GKV target population (1-3 prior lines, lenalidomide-refractory)",2025,2025-05-15,circa 1 180 bis 2 460 Patientinnen und Patienten,"G-BA Beschluss AM-RL Anlage XII: Ciltacabtagen autoleucel (neues Anwendungsgebiet / Neubewertung Orphan > 30 Mio: Multiples Myelom nach mind. 1 Vortherapie, refraktaer gegenueber Lenalidomid), Beschluss vom 15. Mai 2025 (BAnz AT 01.07.2025 B3), section 2 a1",https://www.g-ba.de/downloads/39-261-7209/2025-05-15_AM-RL-XII_Ciltacabtagen-autoleucel_D-1074_BAnz.pdf,verified-from-source,"Whole lenalidomide-refractory 2L+ label = a1 + a2 = 2,280 to 3,640 GKV patients per year."
Carvykti,MM_5L,"a2) Erwachsene mit rezidiviertem und refraktaerem multiplen Myelom, die mindestens vier vorhergehende Therapien erhalten haben, waehrend der letzten Therapie eine Krankheitsprogression gezeigt haben und refraktaer gegenueber Lenalidomid sind",Germany,gatekeeper_eligible,1100,,1180,"patients per year in the GKV target population (>=4 prior lines, lenalidomide-refractory)",2025,2025-05-15,circa 1 100 bis 1 180 Patientinnen und Patienten,"G-BA Beschluss AM-RL Anlage XII: Ciltacabtagen autoleucel, Beschluss vom 15. Mai 2025 (BAnz AT 01.07.2025 B3), section 2 a2",https://www.g-ba.de/downloads/39-261-7209/2025-05-15_AM-RL-XII_Ciltacabtagen-autoleucel_D-1074_BAnz.pdf,verified-from-source,"Consistent with the 2022/2023 estimates of 1,200-1,310 for the >=3-prior-therapies population."
Carvykti,MM_2L,"patients adultes atteints d'un myelome multiple en rechute et refractaire, ayant recu au moins un traitement anterieur, incluant un agent immunomodulateur et un inhibiteur du proteasome, qui sont refractaires au lenalidomide et dont la maladie a progresse pendant le dernier traitement",France,gatekeeper_eligible,,1350,,"patients per year (population cible claimed by the manufacturer, reported by CEESP)",2025,2025-09-09,L'industriel estime la population cible a 1350 patients par an.,"HAS CEESP, Avis economique CARVYKTI (ciltacabtagene autoleucel), 9 septembre 2025 (published November 2025)",https://www.has-sante.fr/upload/docs/application/pdf/2025-11/dir7/carvykti_09092025_avis_economique_ceesp_850.pdf,verified-from-source,"Manufacturer's estimate, not a CEESP recalculation. The CT avis adopted 16 July 2025 (CT-21250) as retrieved contains no population cible figure. Compare G-BA 2,280-3,640 (GKV) for the same label in Germany. Read through a reader proxy of the HAS PDF (direct fetch 403)."
Carvykti,MM_4L,"patients adultes atteints d'un myelome multiple en rechute et refractaire, ayant recu au moins trois traitements anterieurs, incluant un agent immunomodulateur, un inhibiteur du proteasome et un anticorps anti-CD38 et dont la maladie a progresse pendant le dernier traitement",France,gatekeeper_eligible,,,,,,2022-11-23,"Avis favorable au remboursement dans le traitement des patients adultes atteints d'un myelome multiple en rechute et refractaire, ayant recu au moins trois traitements anterieurs, incluant un agent immunomodulateur, un inhibiteur du proteasome et un anticorps anti-CD38 et dont la maladie a progresse pendant le dernier traitement.","HAS Commission de la Transparence, Avis CARVYKTI premiere evaluation, 23 novembre 2022 (CT-19858), page summary",https://www.has-sante.fr/jcms/p_3392179/fr/carvykti-ciltacabtagene-autoleucel-myelome-multiple,not-found,"Avis PDF (CT-19858) could not be retrieved (HAS 403; no web.archive.org copy; reader proxy returned an empty file), so the 2022 population cible is missing. Same 4L+ population as Abecma's 2021 avis (maximum 740 per year)."
Carvykti,MM_4L,"Japanese label: r/r MM, no prior BCMA CAR-T, >=3 prior therapies incl. IMiD, PI and anti-CD38, no response to or relapse after last therapy",Japan,label_indication,,,,,2023,2023-01-18,再発又は難治性の多発性骨髄腫。ただし、以下のいずれも満たす場合に限る。・BCMA抗原を標的としたキメラ抗原受容体発現T細胞輸注療法の治療歴がない ・免疫調節薬、プロテアソーム阻害剤及び抗CD38モノクローナル抗体製剤を含む3つ以上の前治療歴を有し、かつ、直近の前治療に対して奏効が得られなかった又は治療後に再発した,"MHLW, Chuikyo general assembly 18 January 2023, So-4: 再生医療等製品の取扱いについて カービクティ点滴静注 (Janssen)",https://www.mhlw.go.jp/content/12404000/001039396.pdf,verified-from-source,Japanese approval 26 Sep 2022. The later NHI price-listing document with the peak-year treated-patient forecast was not located (web search quota exhausted); Abecma's equivalent forecast is 149 patients per year at peak.
Carvykti,MM_4L,"r/r MM after at least 3 prior lines of therapy incl. PI, IMiD and anti-CD38, refractory to last treatment (Canadian indication)",Canada,gatekeeper_eligible,2493,,5108,"patients eligible per year (CADTH reanalysis; years 1-3: 2,493; 3,647; 5,108)",2025,2023-08,"CADTH reanalysis: Year 1 2,493 patients; Year 2 3,647 patients; Year 3 5,108 patients","CADTH Reimbursement Review, Ciltacabtagene Autoleucel (Carvykti), Pharmacoeconomic Review, August 2023 (NCBI Bookshelf NBK596762)",https://www.ncbi.nlm.nih.gov/books/NBK596762/,provisional-from-snippet,"Figures from a fetch summary, exact table cells not seen. CADTH added prevalent cohorts diagnosed from 2017 onward (median time to 4th line 45.8 months ASCT, 34.7 months non-ASCT), so the population is an accumulating pool - much larger than the Abecma 2022 sponsor estimate (251-325). CADTH assumed 50%, 70%, 90% uptake vs sponsor 5%, 14%, 20%."
Carvykti,MM_5L,adult patients with relapsed or refractory multiple myeloma who have received at least four prior lines of therapy (5L+ RRMM),Australia,gatekeeper_eligible,,,,,,2024-11,Table 2 Overview of patient numbers and budget impact October 2024 funding proposal: 5L+ MM population patient numbers / Initiating patients / Infused patients [values redacted],"MSAC Public Summary Document, Application 1690.1, Ciltacabtagene autoleucel for refractory or relapsed multiple myeloma, November 2024 MSAC meeting",https://www.msac.gov.au/sites/default/files/2025-01/1690.1_psd_-_november_2024.pdf,not-found,"MSAC supported public funding for 5L+ RRMM but all patient-number cells are redacted in the PSD. Australia assesses CAR-T through MSAC, not PBAC; no MSAC document for Abecma was checked."
Tecelra,SS_MAGEA4,"adults with unresectable or metastatic synovial sarcoma who have received prior chemotherapy, are HLA-A*02:01P, -A*02:02P, -A*02:03P or -A*02:06P positive and whose tumour expresses MAGE-A4",US,label_indication,,,,,2024,2024-08-01,"HLA-A*02:01P, -A*02:02P, -A*02:03P, or -A*02:06P positive","Adaptimmune Therapeutics Form 10-K for fiscal year 2024 (filed March 2025), description of the TECELRA accelerated approval of 1 August 2024",https://www.sec.gov/Archives/edgar/data/1621227/000155837025003544/adap-20241231x10k.htm,verified-from-source,Only the HLA clause is quoted verbatim from the filing; the remainder of the label wording is paraphrased from the same source. FDA accelerated approval 1 Aug 2024; later reports indicate conversion to full approval (not verified here).
Tecelra,SS_MAGEA4,newly diagnosed synovial sarcoma patients who are HLA-A*02 and MAGE-A4 biomarker-eligible (all stages),US,company_addressable,,400,,"newly diagnosed patients per year, biomarker-eligible, US",2024,2025-03,approximately 400 newly diagnosed patients per year are biomarker eligible for TECELRA,Adaptimmune Therapeutics Form 10-K FY2024 (filed March 2025),https://www.sec.gov/Archives/edgar/data/1621227/000155837025003544/adap-20241231x10k.htm,verified-from-source,"Counts newly diagnosed patients of all stages, not the labelled population (unresectable/metastatic after chemotherapy), so an upper bound. Same filing: 'approximately 13,400 new soft tissue cases in the U.S. each year' and synovial sarcoma 'approximately 5 to 10% of all soft tissue sarcomas'. Also: an incremental 600 SS and myxoid liposarcoma patients per year biomarker-eligible for lete-cel."
Tecelra,SS_all,all synovial sarcoma (not label-restricted),US,incidence_rate,650,,1300,"new synovial sarcoma cases per year, US (5-10% of ~13,000 soft tissue sarcomas)",2023,2024-03,"approximately 13,000 new soft tissue sarcoma cases in the U.S. each year ... Synovial sarcoma accounts for approximately 5-10% of these cases",Adaptimmune Therapeutics Form 10-K FY2023 (filed March 2024),https://www.sec.gov/Archives/edgar/data/1621227/000155837024002537/adap-20231231x10k.htm,derived,"13,000 x 0.05 = 650; 13,000 x 0.10 = 1,300. Company framing; SEER-based counts are lower (see Venkataraman 2025 row)."
Tecelra,SS_all,all synovial sarcoma (not label-restricted),US,incidence_rate,417,527,601,"new synovial sarcoma cases per year, US (SEER-based, 2001-2014; rate 1.5-1.8 per 1,000,000)",2014,2025,"The range of annual new cases ranged from 417 (in 2001) to 601 (in 2014), with a median new cases of 527 per year.","Venkataraman et al., Effect of HLA restriction on racial and ethnic disparities in access to immune therapies for advanced synovial sarcoma, The Oncologist 2025 (PMC12265472)",https://pmc.ncbi.nlm.nih.gov/articles/PMC12265472/,verified-from-source,"Same paper: 17% present with distant disease at diagnosis; estimated HLA-A*02 eligibility 22.9%-35.4% of patients needing salvage therapy (25.1-38.8% European-descent, 11.0-17.0% Asian/Pacific Islander); MAGE-A4 positivity 53%-82% from prior estimates."
Tecelra,SS_MAGEA4,biomarker-eligible (HLA-A*02 and MAGE-A4) synovial sarcoma per incident cohort; label additionally requires unresectable/metastatic disease after chemotherapy,US,annual_incident_eligible,64,,153,patients per year (all stages) biomarker-eligible; de novo metastatic subset 11-26,2014,2025,22.9%-35.4% of patients in need of salvage therapy would be expected to be eligible,"Derived from Venkataraman et al., The Oncologist 2025 (PMC12265472)",https://pmc.ncbi.nlm.nih.gov/articles/PMC12265472/,derived,"527 x 0.229 x 0.53 = 64; 527 x 0.354 x 0.82 = 153. De novo metastatic subset: x 0.17 = 11-26 per year; relapsed metastatic patients (the larger share of the advanced pool) are not in the 17%, so the labelled population probably lies between ~30 and ~150 per year. Adaptimmune's ~400 uses a higher incidence base and HLA share (~45% in trial screening, PMC12317396)."
Tecelra,SS_MAGEA4,(no EU or UK marketing authorisation),EU,gatekeeper_eligible,,,,,,2026-09,"(no EMA, NICE, G-BA or HAS assessment found)",none,,not-found,Tecelra is approved in the US only (as of Sep 2026); no European gatekeeper estimate exists. European incidence could be scaled from the US SEER rate of 1.5-1.8 per million.
Amtagvi,MEL_postPD1,"adult patients with unresectable or metastatic melanoma previously treated with a PD-1 blocking antibody and, if BRAF V600 mutation positive, a BRAF inhibitor with or without a MEK inhibitor",US,label_indication,,,,,2024,2024-02-16,"for treatment of adult patients with unresectable or metastatic melanoma previously treated with a PD-1-blocking antibody and, if BRAF V600 mutation positive, a BRAF inhibitor with or without an MEK inhibitor","FDA Approval Summary: Lifileucel for Unresectable or Metastatic Melanoma Previously Treated with an Anti-PD-1-Based Immunotherapy (PubMed 40699950), summarising the 16 Feb 2024 accelerated approval",https://pubmed.ncbi.nlm.nih.gov/40699950/,provisional-from-snippet,Wording from the search snippet of the FDA approval summary abstract; FDA label itself not fetched. Accelerated approval; confirmatory trial TILVANCE-301.
Amtagvi,MEL_postPD1,previously treated advanced melanoma (post anti-PD-1),US + targeted global markets,company_addressable,20000,,,"previously treated advanced melanoma patients per year addressable, US and other targeted global markets ('more than')",2024,2025-02-27,"Across the U.S. and other targeted global markets, Amtagvi has the potential to address more than 20,000 previously treated advanced melanoma patients annually.",Iovance Biotherapeutics Form 10-K for fiscal year 2024 (filed February 2025),https://www.sec.gov/Archives/edgar/data/1425205/000155837025001834/iova-20241231x10k.htm,verified-from-source,"No US-only split disclosed. Same filing: 'Melanoma ... accounting for an estimated 100,640 patients diagnosed and 8,290 deaths in 2024 in the U.S. according to the Surveillance, Epidemiology and End Results program.'"
Amtagvi,MEL_postPD1,previously treated advanced melanoma (post anti-PD-1),Global,company_addressable,30000,,,previously treated advanced melanoma patients per year addressable globally ('more than'),2025,2026-02,"Globally, Amtagvi has the potential to address more than 30,000 previously treated advanced melanoma patients annually.","Iovance Biotherapeutics Form 10-K for fiscal year 2025 (filed February 2026, accession 0001104659-26-018899)",https://www.sec.gov/Archives/edgar/data/1425205/000110465926018899/iova-20251231x10k.htm,verified-from-source,"Same filing: 'Amtagvi is approved in the U.S. and Canada ... Potential approvals are pending in the United Kingdom, or UK, and Australia'; frontline: 'We estimate a global addressable market of more than 70,000 frontline advanced melanoma patients per year.' Up from the >20,000 US-plus-targeted-markets figure a year earlier."
Amtagvi,MEL_postPD1,advanced melanoma patients progressing on or after PD-1 treatment (competitor estimate of the same population),US,annual_incident_eligible,,13000,,"patients per year progressing on or after PD-1 treatment, US",2026,2026-05,"We estimate approximately 13,000 patients progress on or after PD-1 treatment annually in the U.S. with approximately 80% of these patients eligible for treatment with RP1 in combination with nivolumab, if approved.",Replimune Group Form 10-K for fiscal year ended 31 March 2026,https://www.sec.gov/Archives/edgar/data/1737953/000162828026045886/repl-20260331.htm,verified-from-source,Replimune (Tudriqev) estimate of the post-anti-PD-1 pool that Amtagvi also addresses; Amtagvi's label further requires prior BRAF inhibitor in BRAF V600-mutant patients and excludes patients unfit for lymphodepletion/IL-2.
Amtagvi,MEL_all,all melanoma of the skin (not label-restricted),US,incidence_rate,,112000,,"estimated new cases of melanoma of the skin in 2026, US (population base whole US; 5% distant and 10% regional stage at diagnosis)",2026,2026-09-05,"Estimated New Cases in 2026: 112,000; Estimated Deaths in 2026: 8,510; Percent of cases by stage at diagnosis: regional 10%, distant 5%",NCI SEER Cancer Stat Facts: Melanoma of the Skin (accessed 5 Sep 2026),https://seer.cancer.gov/statfacts/html/melan.html,verified-from-source,"Derived stage counts: distant at diagnosis ~5,600/yr, regional ~11,200/yr. Applies to Imlygic and Tudriqev too."
Amtagvi,MEL_postPD1,lifileucel for previously treated unresectable or metastatic melanoma (NICE ID3863),England,gatekeeper_eligible,,,,,,2026-01,Status: In progress,"NICE GID-TA10752 project page, Lifileucel for previously treated unresectable or metastatic melanoma [ID3863]",https://www.nice.org.uk/guidance/indevelopment/gid-ta10752,not-found,"Committee meeting 4 Nov 2025; draft guidance consultation 18 Dec 2025 - 22 Jan 2026; no resource impact report published. Company slide deck in the committee papers (documents/1) gives UK epidemiology only: 'Fifth most common cancer in the UK; 17,557 new cases per year on average' and '~16% diagnosed at stage 3 and ~10% diagnosed at stage 4'. UK marketing authorisation still pending per Iovance 10-K FY2025."
Amtagvi,MEL_all,all melanoma skin cancer (not label-restricted),UK,incidence_rate,,19392,,"new melanoma skin cancer cases per year, UK (average of 2019, 2021-2022; population base whole UK)",2022,2026-09-05,"19,392 new cases of melanoma skin cancer each year, 2019, 2021-2022, UK.","Cancer Research UK, Melanoma skin cancer statistics (accessed 5 Sep 2026)",https://www.cancerresearchuk.org/health-professional/cancer-statistics/statistics-by-cancer-type/melanoma-skin-cancer,verified-from-source,Applies to Imlygic and Tudriqev too.
Amtagvi,MEL_advanced,"melanoma diagnosed at stage 4 (low) to stage 3 or 4 (high), UK - upper bound on the post-anti-PD-1 pool",UK,annual_incident_eligible,1756,,4565,"patients per year diagnosed at stage 4 (1,756) or stage 3-4 (4,565)",2025,2025-11-04,"Fifth most common cancer in the UK; 17,557 new cases per year on average ... ~16% diagnosed at stage 3 and ~10% diagnosed at stage 4","Iovance company presentation to the NICE appraisal committee, GID-TA10752 committee papers document 1 (Nov 2025)",https://www.nice.org.uk/guidance/gid-ta10752/documents/1,derived,"17,557 x 0.10 = 1,756; 17,557 x 0.26 = 4,565. Excludes later relapses and does not apply the post-anti-PD-1 progression share (>50% within 12 months per Iovance). Document read through a reader proxy (nice.org.uk returns 403)."
Amtagvi,MEL_postPD1,(no EU marketing authorisation),EU,gatekeeper_eligible,,,,,,2026-02,"Amtagvi is approved in the U.S. and Canada, and we plan to launch into additional markets with a high prevalence of advanced melanoma.",Iovance Biotherapeutics Form 10-K FY2025 (filed February 2026),https://www.sec.gov/Archives/edgar/data/1425205/000110465926018899/iova-20251231x10k.htm,not-found,No G-BA or HAS assessment exists. An Austrian AIHTA appraisal-board document (2025) is indexed by INAHTA (database.inahta.org/article/33664) but its PDF returned 404 and the record states no patient numbers.
Amtagvi,MEL_postPD1,previously treated advanced melanoma (Canadian approval),Canada,gatekeeper_eligible,,,,,,2026-02,(CDA-AMC review not retrieved),"CDA-AMC (formerly CADTH) reimbursement review of lifileucel, if any",https://www.cda-amc.ca/search?keywords=lifileucel,not-found,Approved in Canada per Iovance 10-K FY2025; cda-amc.ca search page returned a Cloudflare challenge.
Imlygic,MEL_unresectable,"unresectable, regionally or distantly metastatic (Stage IIIB, IIIC and IVM1a) melanoma with no bone, brain, lung or other visceral disease; NICE adds: only if systemic immunotherapy is not suitable",England,label_indication,,,,,2016,2016-07,"recommended, in adults, as an option for treating unresectable, regionally or distantly metastatic (Stage IIIB, IIIC and IVM1a) melanoma that has not spread to bone, brain, lung or other internal organs, only if: treatment with systemically administered immunotherapies is not suitable and the company provides talimogene laherparepvec with the discount agreed in the patient access scheme.","NICE TA410, Talimogene laherparepvec for treating unresectable metastatic melanoma, Final appraisal determination, July 2016 (guidance published September 2016)",https://www.nice.org.uk/guidance/ta410/documents/final-appraisal-determination-document,verified-from-source,"US FDA label (27 Oct 2015) is 'local treatment of unresectable cutaneous, subcutaneous, and nodal lesions in patients with melanoma recurrent after initial surgery' (not fetched). EU label matches the NICE stage wording."
Imlygic,MEL_unresectable,people with unresectable metastatic melanoma for whom T-VEC is suitable in clinical practice,England,gatekeeper_eligible,10,,15,% of people with unresectable metastatic melanoma (clinical expert estimate to the NICE committee); no absolute count,2016,2016-07,"The clinical experts stated that in clinical practice, treatment with talimogene laherparepvec would be suitable for approximately 10 to 15% of people with unresectable metastatic melanoma.","NICE TA410 Final appraisal determination, July 2016, section 4.2",https://www.nice.org.uk/guidance/ta410/documents/final-appraisal-determination-document,verified-from-source,"The NICE costing statement / resource impact for TA410 could not be retrieved (nice.org.uk 403; resources page via proxy showed only the cookie banner). Applying 10-15% to the UK stage 4-at-diagnosis count (~1,756) gives roughly 175-265 per year, before the 'systemic immunotherapy not suitable' restriction."
Imlygic,MEL_unresectable,"1a) Nicht vorbehandelte Patienten (Stadien IIIB, IIIC und IVM1a) mit einem BRAF-V600-mutierten Tumor",Germany,gatekeeper_eligible,35,,100,"GKV patients per year, untreated, BRAF-V600-mutant, stage IIIB-IVM1a",2016,2016-12-15,"1a) Nicht vorbehandelte Patienten (in den Stadien IIIB, IIIC und IVM1a) mit einem BRAF-V600-mutierten Tumor ca. 35 - 100 Patienten","G-BA Beschluss AM-RL Anlage XII: Talimogen laherparepvec, Beschluss vom 15. Dezember 2016 (BAnz AT 30.12.2016 B4), section 2 Anzahl der Patienten",https://www.g-ba.de/downloads/39-261-2799/2016-12-15_AM-RL-XII_Talimogen-laherparepvec_D-237_BAnz.pdf,verified-from-source,GKV population (about 88% of Germany).
Imlygic,MEL_unresectable,"1b) Nicht vorbehandelte Patienten (Stadien IIIB, IIIC und IVM1a) mit einem BRAF-V600-wildtyp Tumor",Germany,gatekeeper_eligible,40,,120,"GKV patients per year, untreated, BRAF wild-type, stage IIIB-IVM1a",2016,2016-12-15,"1b) Nicht vorbehandelte Patienten (in den Stadien IIIB, IIIC und IVM1a) mit einem BRAF-V600-wildtyp Tumor ca. 40 - 120 Patienten","G-BA Beschluss AM-RL Anlage XII: Talimogen laherparepvec, 15. Dezember 2016, section 2",https://www.g-ba.de/downloads/39-261-2799/2016-12-15_AM-RL-XII_Talimogen-laherparepvec_D-237_BAnz.pdf,verified-from-source,
Imlygic,MEL_unresectable,"2) Vorbehandelte Patienten (Stadien IIIB, IIIC und IVM1a)",Germany,gatekeeper_eligible,300,,450,"GKV patients per year, previously treated, stage IIIB-IVM1a",2016,2016-12-15,"2) Vorbehandelte Patienten (in den Stadien IIIB, IIIC und IVM1a) ca. 300 - 450 Patienten","G-BA Beschluss AM-RL Anlage XII: Talimogen laherparepvec, 15. Dezember 2016, section 2",https://www.g-ba.de/downloads/39-261-2799/2016-12-15_AM-RL-XII_Talimogen-laherparepvec_D-237_BAnz.pdf,verified-from-source,Closest to the US label scope (melanoma recurrent after initial surgery).
Imlygic,MEL_unresectable,"all three G-BA subgroups combined (stage IIIB-IVM1a, untreated and pretreated)",Germany,gatekeeper_eligible,375,,670,"GKV patients per year, total label population",2016,2016-12-15,ca. 35 - 100 Patienten; ca. 40 - 120 Patienten; ca. 300 - 450 Patienten,"Sum of the three subgroup ranges in the G-BA Beschluss Talimogen laherparepvec, 15 December 2016",https://www.g-ba.de/downloads/39-261-2799/2016-12-15_AM-RL-XII_Talimogen-laherparepvec_D-237_BAnz.pdf,derived,35+40+300 = 375; 100+120+450 = 670. Secondary reports quote 375-675.
Imlygic,MEL_unresectable,melanome non resecable stade IIIB-IVM1a (EU label),France,gatekeeper_eligible,,,,,,2016,(HAS avis not retrieved),HAS Commission de la Transparence avis IMLYGIC (2016),https://www.has-sante.fr/jcms/fc_2875171/fr/resultat-de-recherche?text=imlygic,not-found,HAS site search is access-protected and direct fetches return 403; the avis URL could not be located without web search.
Imlygic,MEL_unresectable,"unresectable cutaneous, subcutaneous and nodal melanoma lesions recurrent after initial surgery (US label)",US,company_addressable,,,,,,2026-09,(no US eligible-population statement found),none (no ICER review; no Amgen addressable-population statement located),,not-found,"Rough upper bound from SEER: ~11,200 regional-stage and ~5,600 distant-stage new melanoma cases per year (2026), of which only unresectable recurrences with injectable lesions qualify; NICE experts put T-VEC suitability at 10-15% of unresectable metastatic melanoma."
Tudriqev,MEL_postPD1,"adult patients with unresectable advanced cutaneous melanoma who experienced disease progression with a PD-1-blocking antibody-based regimen, in combination with nivolumab",US,label_indication,,,,,2026,2026-08-06,TUDRIQEV (vusolimogene oderparepvec-wtpg) is indicated in combination with nivolumab for the treatment of adult patients with unresectable advanced cutaneous melanoma who experienced disease progression with a programmed death receptor-1 (PD-1)-blocking antibody-based regimen.,"Replimune press release, Replimune Announces FDA Accelerated Approval of TUDRIQEV in Combination with Nivolumab, 6 August 2026 (Form 8-K Exhibit 99.1); FDA notice 'FDA grants accelerated approval to vusolimogene oderparepvec-wtpg in combination with nivolumab for melanoma'",https://www.fda.gov/drugs/resources-information-approved-drugs/fda-grants-accelerated-approval-vusolimogene-oderparepvec-wtpg-combination-nivolumab-melanoma,verified-from-source,"Accelerated approval on ORR/DoR (IGNYTE: 140 patients, progression on >=8 weeks of anti-PD-1; efficacy population 91 patients with >=1 non-injected lesion). Cutaneous melanoma only; no BRAF-inhibitor prerequisite (unlike Amtagvi); continued approval contingent on IGNYTE-3."
Tudriqev,MEL_postPD1,"patients progressing on or after PD-1 treatment (all lines), US",US,annual_incident_eligible,,13000,,"patients per year progressing on or after PD-1 treatment, US",2026,2026-05,"We estimate approximately 13,000 patients progress on or after PD-1 treatment annually in the U.S. with approximately 80% of these patients eligible for treatment with RP1 in combination with nivolumab, if approved.",Replimune Group Form 10-K for fiscal year ended 31 March 2026,https://www.sec.gov/Archives/edgar/data/1737953/000162828026045886/repl-20260331.htm,verified-from-source,Company estimate; the 80% eligibility refers to having injectable lesions.
Tudriqev,MEL_postPD1,"injectable patients progressing on PD-1, US (label population)",US,company_addressable,,10400,,"patients per year (13,000 x 80%)",2026,2026-05,approximately 80% of these patients eligible for treatment with RP1 in combination with nivolumab,Derived from Replimune Form 10-K FY2026,https://www.sec.gov/Archives/edgar/data/1737953/000162828026045886/repl-20260331.htm,derived,"13,000 x 0.80 = 10,400; matches the '~10K addressable patients' in the approval-day investor deck."
Tudriqev,MEL_postPD1,"injectable patients who progress on PD-1 across lines of therapy, US",US,company_addressable,,10000,,"addressable patients per year, US ('~10K')",2026,2026-08-06,~80% of patients who progress on PD-1 across lines of therapy are injectable (~10K addressable patients),"Replimune, TUDRIQEV FDA Accelerated Approval Investor Call slides, 6 August 2026 (Form 8-K Exhibit 99.2)",https://www.sec.gov/Archives/edgar/data/0001737953/000110465926092246/tm2622487d1_ex99-2.htm,verified-from-source,"Slide heading '~10K Addressable Patients Across Lines of Therapy'. Funnel sub-totals as summarised by the fetch (about 2K adjuvant-refractory, 7K with no standard of care, 4K earlier-stage) were not re-verified. Compare Iovance: >20,000 (US plus targeted markets, 2024) and >30,000 (global, 2025) previously treated advanced melanoma patients."
Tudriqev,MEL_postPD1,(no EU or UK marketing authorisation),EU,gatekeeper_eligible,,,,,,2026-09,"(no EMA, NICE, G-BA or HAS assessment found)",none,,not-found,"US accelerated approval only (Aug 2026). The G-BA 2016 talimogene laherparepvec ranges (375-670 GKV patients, stage IIIB-IVM1a) are the only German gatekeeper counts for an injectable-melanoma oncolytic."
