product,record_type,as_of_date,region,value,unit,verbatim,source_doc,source_url,status,notes
Lyfgenia,list_price,2023-12-08,US,3100000,USD per treatment,$3.1M price tied to value,"bluebird bio 8-K Ex-99.1, LYFGENIA FDA approval investor presentation (2023-12-08, filed 2023-12-11)",https://www.sec.gov/Archives/edgar/data/1293971/000119312523292087/d84993dex991.htm,verified-from-source,Company investor slides on approval day; WAC of the drug product only. Slides also state: Outcomes-based agreement offerings; Meaningful risk sharing Tied to VOE related hospitalizations Patients followed for 3 years.
Lyfgenia,centres,2023-12-08,US,27,qualified treatment centres ready for SCD referrals,27 QTCs are ready to receive SCD patient referrals now,"bluebird bio 8-K Ex-99.1, LYFGENIA FDA approval investor presentation (2023-12-08, filed 2023-12-11)",https://www.sec.gov/Archives/edgar/data/1293971/000119312523292087/d84993dex991.htm,verified-from-source,Slides: Anticipate ZYNTEGLO network will be fully activated for LYFGENIA by end of Q1 2024; manufacturing 70-105 days.
Lyfgenia,centres,2024-01-05,US,35,qualified treatment centres ready for LYFGENIA referrals,35 of 48 centers ready to receive referrals for LYFGENIA for sickle cell disease,"bluebird bio 8-K Ex-99.1, bluebird bio Provides Update on Commercial Launch Progress, Program Milestones, and 2024 Financial Outlook (2024-01-08)",https://www.sec.gov/Archives/edgar/data/1293971/000129397124000004/exhibit99120240108.htm,verified-from-source,
Lyfgenia,statement,2024-01-08,US,200,million US covered lives under outcomes-based agreements,bluebird has signed outcomes-based agreements for LYFGENIA with national payer organizations representing approximately 200 million U.S. lives.,"bluebird bio 8-K Ex-99.1, bluebird bio Provides Update on Commercial Launch Progress, Program Milestones, and 2024 Financial Outlook (2024-01-08)",https://www.sec.gov/Archives/edgar/data/1293971/000129397124000004/exhibit99120240108.htm,verified-from-source,Release also: bluebird anticipates the first patient start for LYFGENIA in Q1 2024.
Lyfgenia,statement,2024-03-26,US,,,First government outcomes-based agreement for sickle cell disease signed with Michigan Medicaid,"bluebird bio 8-K Ex-99.1, bluebird bio Reports Fourth Quarter and 2023 Annual Results and Highlights Operational Progress and 2024 Guidance (2024-03-26)",https://www.sec.gov/Archives/edgar/data/1293971/000129397124000010/exhibit99120240324.htm,verified-from-source,Release: Discussions ongoing with 15+ Medicaid agencies representing 80% of Medicaid-insured individuals with SCD; four outcomes-based agreements for LYFGENIA with national commercial payer organizations.
Lyfgenia,centres,2024-03-26,US,49,qualified treatment centres receiving LYFGENIA referrals,49 centers are already receiving referrals for LYFGENIA,"bluebird bio 8-K Ex-99.1, bluebird bio Reports Fourth Quarter and 2023 Annual Results and Highlights Operational Progress and 2024 Guidance (2024-03-26)",https://www.sec.gov/Archives/edgar/data/1293971/000129397124000010/exhibit99120240324.htm,verified-from-source,
Lyfgenia,statement,2024-03-26,US,,,"Based on projected timelines from cell collection to infusion, the Company expects to recognize revenue from its first infusion of LYFGENIA in Q3 2024","bluebird bio 8-K Ex-99.1, bluebird bio Reports Fourth Quarter and 2023 Annual Results and Highlights Operational Progress and 2024 Guidance (2024-03-26)",https://www.sec.gov/Archives/edgar/data/1293971/000129397124000010/exhibit99120240324.htm,verified-from-source,Release: First LYFGENIA patient start imminent; multiple patients enrolled.
Lyfgenia,patients_period,2024-05-09,US,1,patient starts in 2024 to date,First LYFGENIA patient start completed in May 2024,"bluebird bio 8-K Ex-99.1, bluebird bio Reports First Quarter 2024 Results and Highlights Operational Progress and 2024 Guidance (2024-05-09)",https://www.sec.gov/Archives/edgar/data/1293971/000129397124000020/exhibit99120240509.htm,verified-from-source,"Release headline: 15 patient starts to date in 2024 (11 ZYNTEGLO, 3 SKYSONA, 1 LYFGENIA)."
Lyfgenia,patients_period,2024-08-14,US,4,patient starts in 2024 to date,"27 patient starts to date in 2024 (19 ZYNTEGLO, 4 LYFGENIA, 4 SKYSONA)","bluebird bio 8-K Ex-99.1, bluebird bio Reports Second Quarter 2024 Results and Highlights Operational Progress and 2024 Guidance (2024-08-14)",https://www.sec.gov/Archives/edgar/data/1293971/000129397124000024/exhibit99120240813.htm,verified-from-source,Release: Successfully completed manufacturing and release testing for first commercial LYFGENIA patient; first infusion is being scheduled; revenue from first infusion anticipated in Q3 or Q4 2024. More than half of Medicaid-insured individuals with sickle cell disease in the U.S. live in a state that has affirmed coverage.
Lyfgenia,patients_infused,2024-09-30,US,1,patients infused (cumulative floor),"Revenue for the third quarter includes revenue from LYFGENIA, following the completion of the first infusion for sickle cell disease.","bluebird bio 8-K Ex-99.1, bluebird bio Reports Third Quarter 2024 Results and Highlights Operational Progress and 2024 Guidance (2024-11-14)",https://www.sec.gov/Archives/edgar/data/1293971/000129397124000076/exhibit99120241114.htm,verified-from-source,Q3 2024 LYFGENIA revenue $2.632M; first commercial infusion. Floor of 1.
Lyfgenia,patients_period,2024-11-14,US,17,patient starts in 2024 to date,"57 patient starts completed to date in 2024 (35 ZYNTEGLO, 17 LYFGENIA, 5 SKYSONA).","bluebird bio 8-K Ex-99.1, bluebird bio Reports Third Quarter 2024 Results and Highlights Operational Progress and 2024 Guidance (2024-11-14)",https://www.sec.gov/Archives/edgar/data/1293971/000129397124000076/exhibit99120241114.htm,verified-from-source,Release: More than half of all states have affirmed coverage for LYFGENIA through a preferred drug list or published coverage criteria; Nearly 50% of Medicaid-insured individuals with sickle cell disease in the U.S. live in a state that has already completed prior authorization approval.
Lyfgenia,statement,2024-11-14,US,200,million US covered lives under outcomes-based agreements,"Multiple outcomes-based agreements are published and in place for LYFGENIA with national commercial payer organizations, representing more than 200 million U.S. lives.","bluebird bio 8-K Ex-99.1, bluebird bio Reports Third Quarter 2024 Results and Highlights Operational Progress and 2024 Guidance (2024-11-14)",https://www.sec.gov/Archives/edgar/data/1293971/000129397124000076/exhibit99120241114.htm,verified-from-source,
Lyfgenia,patients_period,2024-12-31,US,21,patient starts in calendar 2024,"In 2024, we completed a total of 70 patient starts (which we define as unique first cell collection) across our gene therapy portfolio: 43 for ZYNTEGLO, 21 for LYFGENIA and six for SKYSONA.",bluebird bio Form 10-K for fiscal 2024 (filed 2025-03-27),https://www.sec.gov/Archives/edgar/data/1293971/000129397125000009/blue-20241231.htm,verified-from-source,Cumulative LYFGENIA starts since launch at 2024-12-31 = 21.
Lyfgenia,patients_period,2025-03-25,US,11,patient starts in 2025 to date,"As of March 25, 2025, we have completed 14 patient starts for ZYNTEGLO and 11 patient starts for LYFGENIA, each since the beginning of 2025.",bluebird bio Form 10-K for fiscal 2024 (filed 2025-03-27),https://www.sec.gov/Archives/edgar/data/1293971/000129397125000009/blue-20241231.htm,verified-from-source,Best cumulative count: 21 + 11 = 32 LYFGENIA patient starts since launch as of 2025-03-25 (analyst sum). Last public patient metric before the company went private.
Lyfgenia,statement,2025-03-31,US,,,"completed patient starts (cell collections) for at least 50 LYFGENIA patients by March 31, 2025 or 70 LYFGENIA patients by June 30, 2025","bluebird bio Form 10-Q for the quarter ended 2025-03-31, Note 3 Product revenue and reserves (filed 2025-05-14)",https://www.sec.gov/Archives/edgar/data/1293971/000129397125000014/blue-20250331.htm,verified-from-source,"Term-loan milestone condition (Hercules), not an achievement; also a covenant of 70 drug product deliveries within a six-month period ending no later than 2025-12-31, at least 40 for LYFGENIA. Indicates deliveries (infusions) per half-year were expected to reach 70 across the portfolio."
Lyfgenia,statement,2025-03-31,US,,,The Company recognizes revenue upon infusion to the patient.,"bluebird bio Form 10-Q for the quarter ended 2025-03-31, Note 3 Product revenue and reserves (filed 2025-05-14)",https://www.sec.gov/Archives/edgar/data/1293971/000129397125000014/blue-20250331.htm,verified-from-source,"Product revenue is recognised at infusion (drug product delivered and administered at the QTC), not at cell collection; patient starts therefore lead revenue by roughly one to two quarters (bluebird cited 70-105 days manufacturing). 10-Q Q1 2025 also states: The Company has agreements with certain payers that may entitle payers to additional rebates in the event that patients experience unsuccessful outcomes after being infused with the Company's products."
Lyfgenia,statement,2025-06-02,US,,,"With the closing of the transaction, bluebird's common stock has ceased trading and will no longer be publicly listed.","bluebird bio 8-K Ex-99.1, bluebird bio Announces Completion of Acquisition by Carlyle and SK Capital (2025-06-02)",https://www.sec.gov/Archives/edgar/data/1293971/000119312525132850/d39702dex991.htm,verified-from-source,Public reporting stopped after the Q1 2025 10-Q; Form 15-12G filed 2025-06-12.
