system,product,event_type,event_date,body,outcome,detail,amount,currency,stated_reason_verbatim,source_doc,source_url,fetched_date,status,notes
United States,CAR-T class,coverage-determination,2019-08-07,CMS,covered,National Coverage Determination 110.24 Chimeric Antigen Receptor (CAR) T-cell Therapy. Autologous CAR-T for cancer nationally covered when given at FDA REMS-enrolled facilities for FDA-approved indications or compendia-supported uses. Effective 2019-08-07; implementation date shown on current NCD page 2021-09-20 (latest version).,,,"CMS covers autologous treatment for cancer with T-cells expressing at least one chimeric antigen receptor (CAR) when administered at healthcare facilities enrolled in the FDA risk evaluation and mitigation strategies (REMS) and used for a medically accepted indication as defined at Social Security Act section 1861(t)(2)-i.e., is used for either an FDA-approved indication (according to the FDA-approved label for that product), or for other uses when the product has been FDA-approved and the use is supported in one or more CMS-approved compendia.","CMS Medicare Coverage Database, NCD 110.24",https://www.cms.gov/medicare-coverage-database/view/ncd.aspx?ncdid=374,2026-09-06,verified-from-source,Version history on page: July 2021 added code C9076 for Breyanzi; quarterly coding updates since without policy change.
United States,Kymriah,payment-rule,2017-08-30,Novartis / CMS,stated,At FDA approval Novartis announced a collaboration with CMS on an outcomes-based payment approach for Kymriah in paediatric and young adult ALL (payment only if response by end of first month).,,,"Furthermore, Novartis is collaborating with CMS to make an outcomes-based approach available to allow for payment only when pediatric and young adult ALL patients respond to Kymriah by the end of the first month.","Novartis Form 6-K, media release 30 August 2017",https://www.sec.gov/Archives/edgar/data/1114448/000117184317005301/f6k_083017.htm,2026-09-06,verified-from-source,"Same release: ""Novartis is establishing a network of certified treatment centers throughout the country"" (no number given). Later status of the CMS arrangement not verified here."
United States,Kymriah,add-on-payment,2018-08-17,CMS,granted,"FY2019 IPPS final rule approves New Technology Add-on Payment for KYMRIAH and YESCARTA; maximum add-on per case (50 percent of $373,000 average cost).",186500,USD,"As a result, the maximum new technology add-on payment for a case involving the use of KYMRIAH or YESCARTA is $186,500 for FY 2019.","FY2019 IPPS/LTCH PPS final rule, 83 FR 41144 (FR Doc 2018-16766)",https://www.federalregister.gov/documents/2018/08/17/2018-16766,2026-09-06,verified-from-source,"Rule also states: ""we are approving the following nine applications for new technology add-on payments for FY 2019: KYMRIAH (Tisagenlecleucel) and YESCARTA (Axicabtagene Ciloleucel)""; estimated FY2019 impact $71,989,000 (373 patients)."
United States,Yescarta,add-on-payment,2018-08-17,CMS,granted,FY2019 NTAP for YESCARTA (same decision as Kymriah).,186500,USD,"As a result, the maximum new technology add-on payment for a case involving the use of KYMRIAH or YESCARTA is $186,500 for FY 2019.",FY2019 IPPS/LTCH PPS final rule (FR Doc 2018-16766),https://www.federalregister.gov/documents/2018/08/17/2018-16766,2026-09-06,verified-from-source,
United States,Kymriah,add-on-payment,2019-08-16,CMS,granted,FY2020 IPPS final rule raises NTAP maximum to 65 percent of cost for KYMRIAH and YESCARTA.,242450,USD,"the maximum new technology add-on payment amount for a case involving the use of KYMRIAH and YESCARTA will be $242,450 for FY 2020;","FY2020 IPPS/LTCH PPS final rule, 84 FR 42044 (FR Doc 2019-16762)",https://www.federalregister.gov/documents/2019/08/16/2019-16762,2026-09-06,verified-from-source,
United States,Yescarta,add-on-payment,2019-08-16,CMS,granted,FY2020 NTAP for YESCARTA.,242450,USD,"the maximum new technology add-on payment amount for a case involving the use of KYMRIAH and YESCARTA will be $242,450 for FY 2020;",FY2020 IPPS/LTCH PPS final rule (FR Doc 2019-16762),https://www.federalregister.gov/documents/2019/08/16/2019-16762,2026-09-06,verified-from-source,
United States,CAR-T class,payment-rule,2020-09-18,CMS,started,"FY2021 IPPS final rule creates new MS-DRG 018 (Chimeric Antigen Receptor (CAR) T-cell and Other Immunotherapies) for discharges from 2020-10-01, with a special relative-weight method that excludes clinical-trial cases (diagnosis code Z00.6 or standardized drug charges under $373,000).",,,"Specifically, we proposed that clinical trial claims that group to new MS-DRG 018 would not be included when calculating the average cost for new MS-DRG 018 that is used to calculate the relative weight for this MS-DRG, so that the relative weight reflects the costs of the CAR T-cell therapy drug.","FY2021 IPPS/LTCH PPS final rule, 85 FR 58432 (FR Doc 2020-19637)",https://www.federalregister.gov/documents/2020/09/18/2020-19637,2026-09-06,verified-from-source,"FY2021 and FY2022 Table 5 relative weights for MS-DRG 018 could not be retrieved (cms.gov table zips for those years return 404); the FR text cites a standardized charge per case of $913,224 for the DRG in the proposed-rule data."
United States,Kymriah,add-on-payment,2020-09-18,CMS,restricted,FY2021 IPPS final rule discontinues NTAP for KYMRIAH and YESCARTA (no longer new; cases assigned to new MS-DRG 018).,,,We are finalizing our proposal to discontinue new technology add-on payments for KYMRIAH and YESCARTA for FY 2021.,FY2021 IPPS/LTCH PPS final rule (FR Doc 2020-19637),https://www.federalregister.gov/documents/2020/09/18/2020-19637,2026-09-06,verified-from-source,Applies equally to Yescarta.
United States,Abecma,add-on-payment,2021-08-13,CMS,granted,FY2022 IPPS final rule NTAP for ABECMA (cases in MS-DRG 018).,272675,USD,"As a result, the maximum new technology add-on payment for a case involving the use of ABECMA is $272,675.00 for FY 2022.","FY2022 IPPS/LTCH PPS final rule, 86 FR 44774 (FR Doc 2021-16519)",https://www.federalregister.gov/documents/2021/08/13/2021-16519,2026-09-06,verified-from-source,
United States,Tecartus,add-on-payment,2021-08-13,CMS,granted,FY2022 IPPS final rule NTAP for TECARTUS.,259350,USD,"As a result, the maximum new technology add-on payment for a case involving the use of TECARTUS is $259,350 for FY 2022.",FY2022 IPPS/LTCH PPS final rule (FR Doc 2021-16519),https://www.federalregister.gov/documents/2021/08/13/2021-16519,2026-09-06,verified-from-source,
United States,Breyanzi,add-on-payment,2021-08-13,CMS,restricted,FY2022 IPPS final rule: NTAP application for Breyanzi not approved.,,,"Therefore, we are not approving new technology add-on payments for Breyanzi for FY 2022.",FY2022 IPPS/LTCH PPS final rule (FR Doc 2021-16519),https://www.federalregister.gov/documents/2021/08/13/2021-16519,2026-09-06,verified-from-source,
United States,Carvykti,add-on-payment,2022-08-10,CMS,granted,FY2023 IPPS final rule NTAP for CARVYKTI (and continued for ABECMA).,289532.75,USD,"As a result, the maximum new technology add-on payment for a case involving the use of CARVYKTI or ABECMA is $289,532.75 for FY 2023.","FY2023 IPPS/LTCH PPS final rule, 87 FR 48780 (FR Doc 2022-16472)",https://www.federalregister.gov/documents/2022/08/10/2022-16472,2026-09-06,verified-from-source,
United States,Abecma,add-on-payment,2022-08-10,CMS,granted,FY2023 NTAP continued for ABECMA.,289532.75,USD,"As a result, the maximum new technology add-on payment for a case involving the use of CARVYKTI or ABECMA is $289,532.75 for FY 2023.",FY2023 IPPS/LTCH PPS final rule (FR Doc 2022-16472),https://www.federalregister.gov/documents/2022/08/10/2022-16472,2026-09-06,verified-from-source,
United States,CAR-T class,payment-rule,2022-08-10,CMS,stated,"FY2023 Table 5: MS-DRG 018 relative weight (amount field), geometric mean LOS 14.7 days, arithmetic mean LOS 17.4 days.",36.1452,relative weight,018 No No PRE MED CHIMERIC ANTIGEN RECEPTOR (CAR) T-CELL AND OTHER IMMUNOTHERAPIES 36.1452 14.7 17.4,CMS-1771-F Table 5 (FY2023 IPPS final rule),https://www.cms.gov/files/zip/fy2023-ipps-fr-table-5.zip,2026-09-06,verified-from-source,Payment = weight x hospital-specific base rate; base rates not tabulated here.
United States,CAR-T class,add-on-payment,2023-08-28,CMS,restricted,FY2024 IPPS final rule: no cohort cell or gene therapy approved for NTAP; a commenter asked CMS to extend NTAP into FY2024 for ABECMA and CARVYKTI (newness period).,,,"A commenter disagreed with defining the newness start date as the date of commercial availability/FDA approval date for cell and gene therapies, and requested that CMS extend new technology add-on payments into FY 2024 for both ABECMA and CARVYKTI as the newness start date being utilized is extremely close to the mid-year","FY2024 IPPS/LTCH PPS final rule, 88 FR 58640 (FR Doc 2023-16252)",https://www.federalregister.gov/documents/2023/08/28/2023-16252,2026-09-06,verified-from-source,"Full-text search of the FY2024 rule found no NTAP decision for Zynteglo, Skysona, Hemgenix, Omisirge, Adstiladrin, Elevidys, Roctavian or Vyjuvek."
United States,CAR-T class,payment-rule,2023-08-28,CMS,stated,"FY2024 Table 5: MS-DRG 018 relative weight; GMLOS 12.9, AMLOS 15.1.",36.8427,relative weight,018 No No PRE MED CHIMERIC ANTIGEN RECEPTOR (CAR) T-CELL AND OTHER IMMUNOTHERAPIES 36.8427 36.8427 12.9 15.1,CMS-1785-F Table 5 (FY2024 IPPS final rule),https://www.cms.gov/files/zip/fy2024-ipps-fr-table-5.zip,2026-09-06,verified-from-source,
United States,Casgevy,add-on-payment,2024-08-28,CMS,granted,FY2025 IPPS final rule NTAP for Casgevy for sickle cell disease (SCD indication only).,1650000,USD,"As a result, the maximum new technology add-on payment for a case involving the use of Casgevy for the treatment of SCD is $1,650,000 for FY 2025.","FY2025 IPPS/LTCH PPS final rule, 89 FR 68986 (FR Doc 2024-17021)",https://www.federalregister.gov/documents/2024/08/28/2024-17021,2026-09-06,verified-from-source,"Arithmetic: 1,650,000 / 2,200,000 = 0.75 of list price; check rule text for the SCD gene therapy NTAP percentage."
United States,Casgevy,add-on-payment,2024-08-28,CMS,restricted,FY2025 IPPS final rule: NTAP not approved for Casgevy for transfusion-dependent beta-thalassaemia (substantial clinical improvement not shown).,,,we are unable to determine that Casgevy for TDT meets the substantial clinical improvement criterion to be approved for new technology add-on payments,FY2025 IPPS/LTCH PPS final rule (FR Doc 2024-17021),https://www.federalregister.gov/documents/2024/08/28/2024-17021,2026-09-06,verified-from-source,
United States,Lyfgenia,add-on-payment,2024-08-28,CMS,granted,FY2025 IPPS final rule NTAP for Lyfgenia (SCD).,2325000,USD,"As a result, the maximum new technology add-on payment for a case involving the use of Lyfgenia for the treatment of SCD is $2,325,000 for FY 2025.",FY2025 IPPS/LTCH PPS final rule (FR Doc 2024-17021),https://www.federalregister.gov/documents/2024/08/28/2024-17021,2026-09-06,verified-from-source,"Arithmetic: 2,325,000 / 3,100,000 = 0.75 of list price."
United States,Amtagvi,add-on-payment,2024-08-28,CMS,restricted,FY2025 IPPS final rule: NTAP not approved for AMTAGVI.,,,"we are unable to determine that AMTAGVI represents a substantial clinical improvement over existing technologies for the reasons discussed in the proposed rule and in this final rule, and therefore we are not approving new technology add-on payments for AMTAGVI for FY 2025.",FY2025 IPPS/LTCH PPS final rule (FR Doc 2024-17021),https://www.federalregister.gov/documents/2024/08/28/2024-17021,2026-09-06,verified-from-source,
United States,Lantidra,add-on-payment,2024-08-28,CMS,restricted,FY2025 IPPS final rule: NTAP not approved for Lantidra.,,,"we are unable to determine that Lantidra represents a substantial clinical improvement over existing technologies for the reasons discussed in the proposed rule and in this final rule, and therefore, we are not approving new technology add-on payments for Lantidra for FY 2025.",FY2025 IPPS/LTCH PPS final rule (FR Doc 2024-17021),https://www.federalregister.gov/documents/2024/08/28/2024-17021,2026-09-06,verified-from-source,
United States,CAR-T class,payment-rule,2024-08-28,CMS,stated,"FY2025 Table 5: MS-DRG 018 relative weight 37.7102 (final rule file) and 37.7128 (correction notice file); GMLOS 12.3, AMLOS 14.6.",37.7102,relative weight,018 No No PRE MED CHIMERIC ANTIGEN RECEPTOR (CAR) T-CELL AND OTHER IMMUNOTHERAPIES 37.7102 37.7102 12.3 14.6,FY2025 IPPS Final Rule and Correction Notice Table 5,https://www.cms.gov/files/zip/fy-2025-ipps-final-rule-table-5.zip,2026-09-06,verified-from-source,Correction notice weight 37.7128.
United States,Breyanzi,add-on-payment,2025-08-04,CMS,granted,FY2026 IPPS final rule NTAP for BREYANZI.,316860.05,USD,"As a result, the maximum new technology add-on payment for a case involving the use of BREYANZI is $316,860.05 for FY 2026.",FY2026 IPPS/LTCH PPS final rule (FR Doc 2025-14681),https://www.federalregister.gov/documents/2025/08/04/2025-14681,2026-09-06,verified-from-source,
United States,Tecelra,add-on-payment,2025-08-04,CMS,granted,FY2026 IPPS final rule NTAP for TECELRA.,472550,USD,"As a result, the maximum new technology add-on payment for a case involving the use of TECELRA is $472,550 for FY 2026.",FY2026 IPPS/LTCH PPS final rule (FR Doc 2025-14681),https://www.federalregister.gov/documents/2025/08/04/2025-14681,2026-09-06,verified-from-source,
United States,Aucatzyl,add-on-payment,2025-08-04,CMS,restricted,FY2026 IPPS final rule: AUCATZYL not eligible for NTAP (newness measured from TECARTUS market entry).,,,"Since the 3-year anniversary date of TECARTUS's entry onto the market occurred prior to FY 2026, AUCATZYL does not meet the newness criterion and is not eligible for new technology add-on payments for FY 2026.",FY2026 IPPS/LTCH PPS final rule (FR Doc 2025-14681),https://www.federalregister.gov/documents/2025/08/04/2025-14681,2026-09-06,verified-from-source,
United States,CAR-T class,payment-rule,2025-08-04,CMS,stated,"FY2026 Table 5: MS-DRG 018 relative weight; GMLOS 12.4, AMLOS 14.7.",43.1828,relative weight,018 No No PRE MED CHIMERIC ANTIGEN RECEPTOR (CAR) T-CELL AND OTHER IMMUNOTHERAPIES 43.1828 43.1828 12.4 14.7,CMS-1833-F Table 5 (FY2026 IPPS final rule),https://www.cms.gov/files/zip/fy2026-ipps-fr-table-5.zip,2026-09-06,verified-from-source,
United States,Zevaskyn,add-on-payment,2026-08-04,CMS,granted,FY2027 IPPS final rule NTAP for ZEVASKYN.,2045550,USD,"As a result, the maximum new technology add-on payment for a case involving the use of ZEVASKYN is $2,045,550 for FY 2027.",FY2027 IPPS/LTCH PPS final rule (FR Doc 2026-15833),https://www.federalregister.gov/documents/2026/08/04/2026-15833,2026-09-06,verified-from-source,
United States,Waskyra,add-on-payment,2026-08-04,CMS,restricted,FY2027 IPPS final rule: NTAP not approved for WASKYRA (newness: not a new disease or population).,,,"Therefore, we are not approving new technology add-on payments for WASKYRA for FY 2027.",FY2027 IPPS/LTCH PPS final rule (FR Doc 2026-15833),https://www.federalregister.gov/documents/2026/08/04/2026-15833,2026-09-06,verified-from-source,
United States,CAR-T class,payment-rule,2026-08-04,CMS,stated,"FY2027 Table 5: MS-DRG 018 relative weight; GMLOS 11.4, AMLOS 13.3.",45.1272,relative weight,018 No No PRE MED CHIMERIC ANTIGEN RECEPTOR (CAR) T-CELL AND OTHER IMMUNOTHERAPIES 45.1272 45.1272 11.4 13.3,CMS-1849-F Table 5 (FY2027 IPPS final rule),https://www.cms.gov/files/zip/fy2027-ipps-fr-table-5.zip,2026-09-06,verified-from-source,
United States,CAR-T class,payment-rule,2018-11-21,CMS,stated,"Outpatient (Part B) setting: CY2019 OPPS final rule notes Kymriah and Yescarta received transitional pass-through status from 2018-04-01; HCPCS Q2040 replaced by Q2042 from 2019-01-01, Q2041 continued; no separate payment for leukapheresis and dose-preparation steps.",,,"Both of these CAR T-cell therapies were approved for transitional pass-through payment status, effective April 1, 2018.","CY2019 OPPS/ASC final rule, 83 FR 58818 (FR Doc 2018-24243)",https://www.federalregister.gov/documents/2018/11/21/2018-24243,2026-09-06,verified-from-source,Inpatient (Part A) cases go to MS-DRG 018 from FY2021; outpatient cases are paid as separately payable biologicals under OPPS.
United States,gene therapy class,coverage-determination,,CMS,not-found,"No national coverage determination for Casgevy, Lyfgenia, Hemgenix or Zolgensma was retrieved; only NCD 110.24 (CAR-T) was read. Medicare coverage for these products is therefore by contractor/claim-by-claim determination as far as this retrieval shows.",,,,CMS Medicare Coverage Database (NCD 110.24 only read),https://www.cms.gov/medicare-coverage-database/,2026-09-06,not-found,Not an exhaustive search of LCDs or articles.
United States,system,payment-rule,2020-12-31,CMS,stated,Medicaid final rule 85 FR 87000 permits manufacturers to report multiple best prices for a value-based purchasing arrangement offered to all states; that provision delayed to 2022-01-01 in the rule.,,,"we are revising the definition of best price at 447.505(a) to state that if a manufacturer offers a value based purchasing arrangement (as defined at 447.502) to all states, the lowest price available from a manufacturer may include varying best price points for a single dosage form and strength",Medicaid Program; Establishing Minimum Standards in Medicaid State DUR and Supporting VBP for Drugs Covered in Medicaid (FR Doc 2020-28567),https://www.federalregister.gov/documents/2020/12/31/2020-28567,2026-09-06,verified-from-source,"Rule text: ""the final policy permitting multiple best prices reporting will not be effective until January 1, 2022""."
United States,system,payment-rule,2021-11-19,CMS,stated,Final rule delaying the multiple-best-price VBP provision by six months (to 2022-07-01).,,,"This final rule will delay for 6 months the January 1, 2022 effective date for amendatory instruction 10.a., which addresses the reporting by manufacturers of multiple best prices connected to a value based purchasing (VBP) arrangement",Medicaid Program; Delay of Effective Date for Provision Relating to Manufacturer Reporting of Multiple Best Prices (FR Doc 2021-25009),https://www.federalregister.gov/documents/2021/11/19/2021-25009,2026-09-06,verified-from-source,Abstract read via Federal Register API; correction notice FR Doc 2021-27452 (2021-12-17).
United States,gene therapy class,access-model,2024-01-30,CMS / CMS Innovation Center,started,Cell and Gene Therapy (CGT) Access Model announced for sickle cell disease gene therapies; CMS negotiates outcomes-based agreements with manufacturers; states join between January 2025 and January 2026.,,,"The CGT Access Model will begin in January 2025, and states may choose to begin participation at a time of their choosing between January 2025 and January 2026.",CMS press release 30 January 2024,https://www.cms.gov/newsroom/press-releases/biden-harris-administration-announces-action-increase-access-sickle-cell-disease-treatments,2026-09-06,verified-from-source,"Release: ""Approximately 50% to 60% of people living with SCD are enrolled in Medicaid."" and ""CMS will negotiate an OBA with participating manufacturers, which will tie pricing for SCD treatments to whether the therapy improves health outcomes for people with Medicaid."""
United States,Casgevy,access-model,2025-07-15,CMS,started,CMS announces 33 states plus DC and Puerto Rico participating in the CGT Access Model; participating states cover about 84 percent of Medicaid beneficiaries with SCD; optional federal support up to $9.55 million per state; start dates January 2025 to January 2026.,33,states,Participating states represent approximately 84% of Medicaid beneficiaries with the condition,CMS press release 15 July 2025,https://www.cms.gov/newsroom/press-releases/cms-expands-access-lifesaving-gene-therapies-through-innovative-state-agreements,2026-09-06,verified-from-source,"States: Arizona, Arkansas, California, Colorado, Connecticut, Delaware, Florida, Illinois, Kansas, Kentucky, Louisiana, Maine, Maryland, Michigan, Mississippi, Missouri, New Jersey, New York, North Carolina, Ohio, Oklahoma, Oregon, Pennsylvania, Rhode Island, South Carolina, Tennessee, Texas, Utah, Vermont, Virginia, Washington, West Virginia, Wisconsin, plus DC and Puerto Rico. Release wording: states ""receive guaranteed discounts and rebates from participating CGT manufacturers if the therapies fail to deliver their promised therapeutic benefits""."
United States,Lyfgenia,access-model,2025-07-15,CMS,started,Same announcement applies to Lyfgenia (both SCD gene therapies are in the model).,33,states,Participating states represent approximately 84% of Medicaid beneficiaries with the condition,CMS press release 15 July 2025,https://www.cms.gov/newsroom/press-releases/cms-expands-access-lifesaving-gene-therapies-through-innovative-state-agreements,2026-09-06,verified-from-source,
United States,gene therapy class,access-model,2026-09-06,CMS Innovation Center,stated,CGT Access Model page (as read 2026-09-06): participating manufacturers Genetix Biotherapeutics Inc. and Vertex Pharmaceuticals Incorporated; page lists 32 states plus DC and Puerto Rico (Maine appears in the July 2025 release but not on the page); states began between January 2025 and January 2026. FAQ: first state started 2025-03-01; seven states and DC received Cooperative Agreement awards from 2025-08-01; up to $9.55 million per selected applicant over 10 years 5 months.,9550000,USD,"CMS and pharmaceutical manufacturers negotiate a set of key terms, which would include pricing discounts and outcomes-based rebates",CMS CGT Access Model page and FAQ,https://www.cms.gov/priorities/innovation/innovation-models/cgt,2026-09-06,verified-from-source,FAQ: https://www.cms.gov/priorities/innovation/cgt-access-model-frequently-asked-questions. Genetix Biotherapeutics is the entity holding bluebird bio products (Lyfgenia); manufacturers also cover fertility preservation services per page.
United States,Lyfgenia,access-model,2024-01-08,bluebird bio,stated,bluebird engaging with CMMI on the CGT Access Model and with Medicaid agencies.,15,Medicaid agencies,Advanced discussions are ongoing with additional commercial payers and with more than 15 Medicaid agencies representing 80% of individuals with sickle cell disease in the U.S.,"bluebird bio 8-K exhibit 99.1, 8 January 2024",https://www.sec.gov/Archives/edgar/data/1293971/000129397124000004/exhibit99120240108.htm,2026-09-06,verified-from-source,"Also: ""bluebird also continues to engage with Center for Medicare and Medicaid Innovation (CMMI) on its Cell and Gene Therapy Access Model, which is anticipated to be implemented in 2025."""
United States,Zynteglo,state-coverage,2022-08-17,bluebird bio,stated,Outcomes-based agreement offered to commercial and government payers at US approval: up to 80 percent of cost reimbursed if transfusion independence not achieved and maintained up to two years; engagement with state Medicaid agencies covering ~80 percent of publicly insured thalassaemia patients.,80,percent of cost at risk,"As part of this agreement, bluebird will reimburse contracted commercial and government payers up to 80% of the cost of the therapy if a patient fails to achieve and maintain transfusion independence up to two years following infusion.","bluebird bio 8-K exhibit 99.2, 17 August 2022",https://www.sec.gov/Archives/edgar/data/1293971/000129397122000051/exhibit99220220817.htm,2026-09-06,verified-from-source,"Also: ""we are engaging with state Medicaid agencies representing approximately 80% of publicly insured thalassemia patients."""
United States,Zynteglo,commercial-coverage,2024-01-08,bluebird bio,covered,Outcomes-based agreements in place with commercial and Medicaid payers; more than 200 million US lives covered through contracts or favourable coverage policies.,200000000,US lives,"Outcomes-based agreements are in place for ZYNTEGLO with both commercial and Medicaid payers, and more than 200 million U.S. lives are covered through contracts or favorable coverage policies.","bluebird bio 8-K exhibit 99.1, 8 January 2024",https://www.sec.gov/Archives/edgar/data/1293971/000129397124000004/exhibit99120240108.htm,2026-09-06,verified-from-source,
United States,Lyfgenia,commercial-coverage,2024-01-08,bluebird bio,covered,Outcomes-based agreements signed with national payer organisations covering about 200 million US lives.,200000000,US lives,bluebird has signed outcomes-based agreements for LYFGENIA with national payer organizations representing dozens of downstream plans and covering approximately 200 million U.S. lives.,"bluebird bio 8-K exhibit 99.1, 8 January 2024",https://www.sec.gov/Archives/edgar/data/1293971/000129397124000004/exhibit99120240108.htm,2026-09-06,verified-from-source,
United States,Lyfgenia,state-coverage,2024-11-14,bluebird bio,covered,Medicaid prior-authorisation progress for Lyfgenia.,50,percent of Medicaid-insured SCD individuals,Nearly 50% of Medicaid-insured individuals with sickle cell disease in the U.S. live in a state that has already completed prior authorization approval for the use of LYFGENIA for at least one patient.,"bluebird bio 8-K exhibit 99.1, 14 November 2024",https://www.sec.gov/Archives/edgar/data/1293971/000129397124000076/exhibit99120241114.htm,2026-09-06,verified-from-source,"Same release: ""Multiple outcomes-based agreements are published and in place for LYFGENIA with national commercial payer organizations, representing more than 200 million U.S. lives."""
United States,Zolgensma,state-coverage,2022-01-01,"Ballreich et al., J Manag Care Spec Pharm 2022;28(1)",stated,Survey of fee-for-service Medicaid coverage guidelines for onasemnogene abeparvovec (Feb-Mar 2020): 17 state guidelines identified with discordance on SMN2 copy count and ventilator status.,17,state Medicaid guidelines,"We identified 17 state Medicaid coverage guidelines for onasemnogene abeparvovec. There was more discordance in these coverage guidelines compared with nusinersen, notably in domains of SMN2 gene count and ventilator status.",PubMed 34949120; doi 10.18553/jmcp.2022.28.1.39,https://pubmed.ncbi.nlm.nih.gov/34949120/,2026-09-06,verified-from-source,Publication month January 2022; policies observed February-March 2020. Abstract read via PubMed E-utilities.
United States,gene therapy class,survey-finding,2023-12-15,"Beinfeld, Rucker et al., Health Policy Open 2023",stated,"Tufts SPEC database: 18 large commercial plans and state Medicaid websites, 11 CGTs, August 2021; restrictions in 53.5 percent of commercial and 68.3 percent of Medicaid coverage policies.",68.3,percent of Medicaid policies with restrictions,"We found that US commercial and Medicaid health plans imposed restrictions in 53.5 % and 68.3 % of their coverage policies for the 11 included CGTs, respectively.",PubMed 38023441; doi 10.1016/j.hpopen.2023.100103,https://pubmed.ncbi.nlm.nih.gov/38023441/,2026-09-06,verified-from-source,Commercial figure 53.5 percent.
United States,Zolgensma,commercial-coverage,2019-05-24,AveXis / Novartis,stated,At US approval AveXis offered pay-over-time up to five years and outcomes-based agreements up to five years; more than 15 payers in advanced discussions.,15,payers,"AveXis is working closely with payers to offer pay-over-time options up to 5 years and outcomes-based agreements up to 5 years, as well as providing a patient program to support affordability and access.","Novartis Form 6-K, AveXis media release 24 May 2019",https://www.sec.gov/Archives/edgar/data/1114448/000117184319003609/f6k_052419.htm,2026-09-06,verified-from-source,"Release: ""more than 15 payers are in advanced discussions of terms with AveXis, with some having already agreed, in principle, to terms."""
United States,Luxturna,commercial-coverage,2018-01-03,Spark Therapeutics,stated,"January 2018 payer programmes: innovative contracting model (direct-to-payer, Spark PATH) and an outcomes-based rebate arrangement with short-term efficacy and long-term durability measures.",,,"In January 2018, we announced two novel payer programs to help ensure eligible patients in the United States have access to LUXTURNA: (i) an innovative contracting model; and (ii) an outcomes-based rebate arrangement with a short-term efficacy measure and a long-term durability measure.",Spark Therapeutics Form 10-K for 2017 (filed 2018-02-27),https://www.sec.gov/Archives/edgar/data/1609351/000160935118000026/spark-201710xk.htm,2026-09-06,verified-from-source,The 3 January 2018 8-K (d519914d8k.htm) names Harvard Pilgrim and affiliates of Express Scripts as counterparties in its risk-factor language; the press-release exhibit was not in the filing index.
United States,Luxturna,commercial-coverage,2018-08-07,Spark Therapeutics,covered,Commercial coverage progress six months after launch.,80,percent of commercial lives,"Strong progress gaining commercial coverage, with approximately 80 percent of commercial lives covered by accept","Spark Therapeutics 8-K exhibit 99.1, Q2 2018 results",https://www.sec.gov/Archives/edgar/data/1609351/000160935118000069/spark-exhibit991q22018.htm,2026-09-06,verified-from-source,"Sentence truncated in extraction after ""accept[able medical policy]""; 12 vials shipped in Q2 2018."
United States,Luxturna,commercial-coverage,2018-11-06,Spark Therapeutics,covered,Commercial coverage at Q3 2018; first patients under Spark PATH outcomes-based model.,85,percent of commercial lives,"Approximately 85 percent of commercial lives are covered by a satisfactory medical policy and all major, national payers now provide coverage for LUXTURNA","Spark Therapeutics 8-K exhibit 99.1, Q3 2018 results",https://www.sec.gov/Archives/edgar/data/1609351/000160935118000074/spark-exhibit991q32018.htm,2026-09-06,verified-from-source,"Same release: ""Shipped 24 vials of LUXTURNA in the U.S. in the third quarter of 2018"" and ""Treated first two patients under the Spark PATH (Pioneering Access To Healthcare) outcomes-based contracting model""."
United States,Vyjuvek,commercial-coverage,2024-02-26,Krystal Biotech,covered,Access status as of February 2024.,97,percent of commercial lives,"As of February 2024, positive access has been achieved for 97% of lives covered under commercial plans and 88% of lives covered under Medicaid.","Krystal Biotech 8-K exhibit 99.1, Q4 2023 results",https://www.sec.gov/Archives/edgar/data/1711279/000171127924000009/krys12312023ex991pressrele.htm,2026-09-06,verified-from-source,Medicaid 88 percent.
United States,Vyjuvek,commercial-coverage,2025-02-19,Krystal Biotech,covered,Access status as of February 2025; cumulative reimbursement approvals.,97,percent of commercial and Medicaid lives,"As of February 2025, the Company has secured over 510 reimbursement approvals for VYJUVEK in the U.S. and continues to maintain strong access nationwide including positive access determinations for 97% of lives covered under commercial and Medicaid plans.","Krystal Biotech 8-K exhibit 99.1, Q4 2024 results",https://www.sec.gov/Archives/edgar/data/1711279/000171127925000009/a4q24exhibit991pr.htm,2026-09-06,verified-from-source,510 reimbursement approvals.
United States,Vyjuvek,commercial-coverage,2026-02-17,Krystal Biotech,covered,Cumulative US reimbursement approvals.,660,reimbursement approvals,The Company has secured over 660 reimbursement approvals for VYJUVEK in the United States and continues to maintain strong access nationwide.,"Krystal Biotech 8-K exhibit 99.1, Q4 2025 results",https://www.sec.gov/Archives/edgar/data/1711279/000171127926000018/a4q25exhibit991pr.htm,2026-09-06,verified-from-source,No percent-of-lives figure in this release.
United States,Vyjuvek,commercial-coverage,2026-08-03,Krystal Biotech,covered,Cumulative US reimbursement approvals and prescriber base at end Q2 2026.,730,reimbursement approvals,"The Company has secured over 730 reimbursement approvals for VYJUVEK and, as of the end of 2Q 2026, had expanded the VYJUVEK prescriber base to include over 640 unique prescribers.","Krystal Biotech 8-K exhibit 99.1, Q2 2026 results",https://www.sec.gov/Archives/edgar/data/1711279/000171127926000058/a2q26-ex991xpressrelease.htm,2026-09-06,verified-from-source,
United States,Elevidys,commercial-coverage,,Sarepta Therapeutics,not-found,"EDGAR full-text searches of Sarepta 8-K, 10-K and 10-Q filings (2023-2026) for ""covered lives"", ""coverage policies"" and ""lives"" with ELEVIDYS returned no numeric coverage statement.",,,,EDGAR full-text search (efts.sec.gov),https://efts.sec.gov/LATEST/search-index?q=%22ELEVIDYS%22%20%22lives%22&ciks=0000873303,2026-09-06,not-found,Sarepta investor decks may state payer policy counts; not retrieved.
United States,Casgevy,commercial-coverage,2026-02-12,Vertex Pharmaceuticals,covered,US reimbursed access at end of 2025.,90,percent of US patients,"As of the end of 2025, approximately 90 percent of patients in the U.S. have reimbursed access to CASGEVY, which is also reimbursed in the U.K., Italy, Austria, Denmark, Luxembourg, KSA, Bahrain, UAE, and Kuwait.","Vertex 8-K exhibit 99.1, Q4 2025 results",https://www.sec.gov/Archives/edgar/data/875320/000087532026000034/ex-991_q42025.htm,2026-09-06,verified-from-source,"Same release: ""64 patients receiving infusions of CASGEVY in 2025, including 30 people infused in the fourth quarter of 2025"" and ""in 2025, 147 people with SCD or TDT had their first cell collection""."
United States,Aucatzyl,commercial-coverage,2025-11-12,Autolus Therapeutics,covered,Payer access one year after approval.,90,percent of US covered lives,Attained patient access for >90% of U.S. covered lives,"Autolus 8-K exhibit 99.2 (corporate presentation), 12 November 2025",https://www.sec.gov/Archives/edgar/data/1730463/000173046325000081/autlex-992cp121125.htm,2026-09-06,verified-from-source,"Same deck: ""60 authorized treatment centers"" and ""Manufacturing success rate >90%""."
United States,Amtagvi,commercial-coverage,2024-02-29,Iovance Biotherapeutics,stated,Pre-launch payer engagement statement in investor presentation.,90,percent of covered lives (payers engaged),Engagement with payers responsible for ~90% of covered lives,"Iovance 8-K exhibit 99.1 (presentation), 29 February 2024",https://www.sec.gov/Archives/edgar/data/1425205/000110465924029057/tm247560d1_ex99-1.htm,2026-09-06,verified-from-source,"Statement of engagement, not of coverage decisions."
United States,CAR-T class,commercial-coverage,,Kite / Bristol Myers Squibb,not-found,"No sponsor statement of covered lives or payer coverage counts for Yescarta, Tecartus, Breyanzi or Abecma was found in Gilead or BMS 8-K/10-K filings searched.",,,,EDGAR full-text search (efts.sec.gov),"https://efts.sec.gov/LATEST/search-index?q=%22covered%20lives%22&ciks=0000882095,0000014272",2026-09-06,not-found,"BMS Q3 2025 deck ""~80% of covered lives with zero step edits"" refers to Cobenfy, not a cell therapy."
United States,gene therapy class,commercial-coverage,2019-09-05,"Cigna (Express Scripts, eviCore, Accredo, CuraScript SD)",started,Embarc Benefit Protection: employer and health-plan carve-out/stop-loss style programme covering the cost of Luxturna and Zolgensma with no patient out-of-pocket cost for the medicine.,,,Consumers will have no out of pocket payments related to the cost of the medicine and will receive personalized and expert care to assist them through their health journey.,Cigna press release 5 September 2019,https://newsroom.thecignagroup.com/cigna-health-services-business-pioneers-an-innovative-solution-to-affordably-bring-life-changing-therapies-to-patients,2026-09-06,verified-from-source,"Secondary reports (Fierce Healthcare, MedCity) state participating plans pay ""less than $1 per participant per month""; the figure is not in the press release as read."
United States,CAR-T class,survey-finding,2024-11-01,"Hu, Vaidya et al., Transplant Cell Ther 2024",stated,"Two-centre real-world study of r/r DLBCL CAR-T referrals (142 referred, 99 treated): median decision-to-vein 62 days vs vein-to-vein 32 days; private insurance financial clearance median 25 vs 9 days for government insurance; 35 percent of privately insured needed a single-case agreement (50.5 vs 19 days).",62,days decision-to-vein (median),"Median decision-to-vein time was 62 days compared to median vein-to-vein time of 32 days. Patients with private insurance took longer to obtain financial clearance compared to patients with government insurance (median 25 versus 9 days, P < .001). Of those with private insurance (n = 63), 35% needed a single-case agreement (SCA) which led to significant delay in receiving financial clearance (median 50.5 versus 19 days, P < .001)",PubMed 39270935; doi 10.1016/j.jtct.2024.09.007,https://pubmed.ncbi.nlm.nih.gov/39270935/,2026-09-06,verified-from-source,Publication month November 2024 (epub September 2024).
United States,CAR-T class,survey-finding,2025-09-23,"Chung, Shafrin et al., Blood Adv 2025",stated,"SEER-Medicare 2017-2020: 5.4 percent (122 of 2,241) of third-line-plus DLBCL Medicare patients received CAR-T; average distance to nearest ATC 104.4 miles in poor-access states vs 34.2 miles; closing the gap would raise use 37.6 percent.",5.4,percent of 3L+ DLBCL Medicare patients receiving CAR-T,"Between 2017 and 2020, 2241 patients were treated for 3L+ DLBCL in the SEER-Medicare data, of whom 122 (5.4%) received CAR-Ts.",PubMed 40378343; doi 10.1182/bloodadvances.2024015634,https://pubmed.ncbi.nlm.nih.gov/40378343/,2026-09-06,verified-from-source,"Abstract: ""If distance to the nearest ATC for poor-access states (average distance to ATC, 104.4 miles) decreased to the average distance in better-access states (34.2 miles), there would be a 37.6% increase in number of patients receiving CAR-Ts (6.6%-9.1%; P < .001)."""
United States,gene therapy class,survey-finding,2026-05-01,"Wagner, Riposo et al., PharmacoEconomics 2026",stated,"Landscape of US innovative contracts for gene therapies Jan 2014-Jan 2025: public information for 10 of 14 gene therapies; 16 contracts identified (8 upfront with milestone rebates, 2 performance-based instalments, 1 upfront with rebate or 5-year payment, 5 without public details).",16,gene therapy contracts identified,"Information on manufacturer and payer contracts was publicly available for 10 of 14 gene therapies (71%). Of 16 identified GT contracts, eight used upfront payments with milestone-based rebates, two used performance-based installment payments, one offered upfront payment with a rebate or payment over 5 years, and five do not have publicly available details",PubMed 41310145; doi 10.1007/s40273-025-01563-3,https://pubmed.ncbi.nlm.nih.gov/41310145/,2026-09-06,verified-from-source,
United States,gene therapy class,survey-finding,2025-03-01,"Conti, Demartino et al., Milbank Q 2025",stated,"Simulation of reinsurance costs for CGTs: total annual costs of covering all existing and expected CGTs 2023-2035 under $20 per person, concentrated in commercial and state Medicaid plans.",20,USD per person per year (upper bound),Total annual costs of covering all existing and expected CGTs for the entire US population 2023-2035 to amount to less than $20 per person and concentrate in commercial and state Medicaid plans.,PubMed 39825634; doi 10.1111/1468-0009.12728,https://pubmed.ncbi.nlm.nih.gov/39825634/,2026-09-06,verified-from-source,
United States,Yescarta,delivery-site,2017-10-18,Kite / Gilead,stated,Launch network: 16 centres certified at approval; more than 30 in training; target 70 to 90 US centres.,16,authorized treatment centers,"Upon Yescarta's approval, this team will provide final site certification to 16 centers",Gilead press release 18 October 2017,https://www.gilead.com/news/news-details/2017/kites-yescarta-axicabtagene-ciloleucel-becomes-first-car-t-therapy-approved-by-the-fda-for-the-treatment-of-adult-patients-with-relapsed-or-refractory-large-b-cell-lymphoma-after-two-or-more,2026-09-06,verified-from-source,"Release: ""Kite is actively working to train more than 30 additional centers"" and ""with an eventual target of 70 to 90 centers across the United States""; list price ""$373,000""."
United States,Yescarta,turnaround-time,2017-10-18,Kite / Gilead,stated,Median manufacturing turnaround time in pivotal programme at approval.,17,days (median),Kite demonstrated a 99 percent manufacturing success rate with a median manufacturing turnaround time of 17 days,Gilead press release 18 October 2017,https://www.gilead.com/news/news-details/2017/kites-yescarta-axicabtagene-ciloleucel-becomes-first-car-t-therapy-approved-by-the-fda-for-the-treatment-of-adult-patients-with-relapsed-or-refractory-large-b-cell-lymphoma-after-two-or-more,2026-09-06,verified-from-source,
United States,Yescarta,turnaround-time,2024-02-06,Gilead,stated,FDA-approved manufacturing process change reduces US median turnaround time.,14,"days (median, anticipated)",Received FDA approval of a manufacturing process change resulting in reduced median turnaround time for Yescarta in the U.S. to an anticipated 14 days (from 16 days previously).,"Gilead 8-K exhibit 99.1, Q4 2023 earnings release",https://www.sec.gov/Archives/edgar/data/882095/000088209524000003/exhibit991earningspressrel.htm,2026-09-06,verified-from-source,
United States,Yescarta,delivery-site,2026-09-06,Kite (yescartahcp.com),stated,Sponsor HCP site count of US Authorized Treatment Centers (page undated; read 2026-09-06).,150,authorized treatment centers (150+),There are over 150 Authorized Treatment Centers throughout the US.,"Yescarta HCP website, Authorized Treatment Centers page",https://www.yescartahcp.com/large-b-cell-lymphoma/authorized-treatment-centers,2026-09-06,verified-from-source,"Page also says ""150+ YESCARTA Authorized Treatment Centers in the academic and community setting throughout the country""; copyright 2026. A WebSearch snippet of the follicular-lymphoma page read ""more than 145""."
United States,Yescarta,capacity-statement,2020-05-06,Gilead,stated,COVID-19 effect on CAR-T access (Q1 2020 10-Q).,,,"we expect the number of patients treated in the second quarter of 2020 to decline as a result of reduced access to authorized treatment centers, delayed or canceled treatments and the slowing of community referrals.",Gilead Form 10-Q Q1 2020,https://www.sec.gov/Archives/edgar/data/882095/000088209520000013/q120form10-q.htm,2026-09-06,verified-from-source,
United States,Kymriah,delivery-site,2018-01-24,Novartis,stated,US launch status at Q4 2017 results.,33,REMS-certified treatment centers (25 fully operational),"Kymriah launch in the US progressed well in the fourth quarter. 33 treatment centers are now REMs certified, 25 of those are fully operational and we are focused on ensuring access for patients.","Novartis Form 6-K, Q4 2017 condensed financial report (exhibit 99.2)",https://www.sec.gov/Archives/edgar/data/1114448/000137036818000004/a180124-99_2.htm,2026-09-06,verified-from-source,
United States,Kymriah,delivery-site,2019-07-18,Novartis,stated,Global qualified treatment centres (not US-only).,130,"qualified treatment centers (global, more than)",There are over 130 qualified treatment centers and 19 countries worldwide that have coverage for at least one indication.,"Novartis Form 6-K, Q2 2019 report (exhibit 99.2)",https://www.sec.gov/Archives/edgar/data/1114448/000137036819000049/a190718-99_2.htm,2026-09-06,verified-from-source,Global figure.
United States,Kymriah,delivery-site,2020-01-29,Novartis,stated,Global qualified treatment centres at end 2019.,200,"qualified treatment centers (global, more than)","There are over 200 qualified treatment centers and more than 20 countries worldwide have coverage for at least one indication, including Japan.","Novartis Form 6-K, Q4 2019 report (exhibit 99.2)",https://www.sec.gov/Archives/edgar/data/1114448/000137036820000007/a200129-99_2.htm,2026-09-06,verified-from-source,Global figure.
United States,Kymriah,delivery-site,2021-01-26,Novartis,stated,Global qualified treatment centres at end 2020.,290,"qualified treatment centers (global, more than)","Coverage continued to expand, with more than 290 qualified treatment centers and 27 countries having coverage for at least one indication.","Novartis Form 6-K, Q4 2020 report (exhibit 99.2)",https://www.sec.gov/Archives/edgar/data/1114448/000137036821000008/a210126-99_2.htm,2026-09-06,verified-from-source,Global figure.
United States,Kymriah,delivery-site,2022-02-02,Novartis,stated,Global qualified treatment centres at end 2021.,350,"qualified treatment centers (global, more than)","Coverage continued to expand, with more than 350 qualified treatment centers in 30 countries having coverage for at least one indication.","Novartis Form 6-K, Q4 2021 report (exhibit 99.2)",https://www.sec.gov/Archives/edgar/data/1114448/000137036822000009/a220202-99_2.htm,2026-09-06,verified-from-source,Global figure.
United States,Carvykti,capacity-statement,2024-03-11,Legend Biotech,stated,Manufacturing capacity and global treatment-centre footprint at end 2023.,80,"authorized treatment centers (global, 80+)","Expanded manufacturing capacity by 100% since the beginning of 2023, including starting clinical production at the new Obelisc site in Ghent • Plans to deliver production capacity of 10,000 annual doses by year-end 2025 • CARVYKTI is now available in Germany and Austria, as commercial demand continues with over 2,500 patients treated across 80+ authorized treatment centers globally","Legend Biotech Form 6-K exhibit 99.1, Q4 2023 results",https://www.sec.gov/Archives/edgar/data/1801198/000180119824000011/a991earningsreleaseq42023.htm,2026-09-06,verified-from-source,Global figure.
United States,Carvykti,capacity-statement,2023,Johnson & Johnson / Legend (as reported by Fierce Pharma and BioPharma Dive),stated,2023 supply constraint: lentiviral vector shortage and limited manufacturing slots; phased activation of certified treatment centres.,,,"a ""supply-constrained environment"" driven by two factors: An industrywide shortage of lentiviral vectors and capacity, or slots, to engineer and culture therapeutic T cells",Fierce Pharma / BioPharma Dive reports (2023),https://www.fiercepharma.com/pharma/johnson-johnson-exec-touts-carvykti-manufacturing-progress,2026-09-06,provisional-from-snippet,Secondary press wording from search snippet; no primary J&J or Legend filing sentence on slots was found (EDGAR full-text search for CARVYKTI + slots returned 0 hits).
United States,Carvykti,delivery-site,2026-09-06,Janssen (carvyktihcp.com),stated,Sponsor HCP site count of US activated treatment centres (page undated; read 2026-09-06).,140,activated treatment centers (over),Available in over 140 Activated Treatment Centers throughout the US,"CARVYKTI HCP website, treatment centers page",https://www.carvyktihcp.com/treatment-centers,2026-09-06,verified-from-source,"Legend January 2026 investor deck states a share of the myeloma market ""is now within 50 miles of a CARVYKTI site (US)"" (number not recoverable from slide text)."
United States,Breyanzi,delivery-site,,Bristol Myers Squibb,not-found,No BMS filing sentence stating the number of Breyanzi or Abecma treatment centres was found; sponsor HCP locator pages returned 404.,,,,EDGAR full-text search; breyanzihcp.com,https://efts.sec.gov/LATEST/search-index?q=%22treatment%20centers%22%20%22Breyanzi%22&ciks=0000014272,2026-09-06,not-found,
United States,Abecma,delivery-site,,Bristol Myers Squibb / 2seventy,not-found,As for Breyanzi: no site-count statement located.,,,,EDGAR full-text search,https://efts.sec.gov/LATEST/search-index?q=%22treatment%20centers%22%20%22Abecma%22&ciks=0000014272,2026-09-06,not-found,
United States,Amtagvi,delivery-site,2023-11-07,Iovance Biotherapeutics,stated,Pre-approval onboarding of ATCs.,30,authorized treatment centers (approximately),Pre-approval onboarding steps to treat melanoma patients with lifileucel upon approval have been completed at approximately 30 ATCs.,"Iovance 8-K exhibit 99.1, Q3 2023 results",https://www.sec.gov/Archives/edgar/data/1425205/000110465923115226/tm2330006d1_ex99-1.htm,2026-09-06,verified-from-source,"Same release: ""Approximately 50 ATCs are expected to be onboard within 90 days of the PDUFA date""."
United States,Amtagvi,delivery-site,2024-02-20,Iovance Biotherapeutics,stated,At FDA approval.,30,authorized treatment centers (more than),"AMTAGVI must be administered in an ATC, and more than 30 ATCs are prepared to collect and ship tumor tissue from patients for AMTAGVI manufacturing.","Iovance 8-K exhibit 99.1, 20 February 2024 (approval release)",https://www.sec.gov/Archives/edgar/data/1425205/000110465924025082/tm246580d1_ex99-1.htm,2026-09-06,verified-from-source,"28 February 2024 release: ""approximately 50 ATCs are expected to be onboard by the end of May 2024""."
United States,Amtagvi,delivery-site,2026-05-07,Iovance Biotherapeutics,stated,ATC network two years after approval (US and Canada) and year-end target.,90,"authorized treatment centers (US and Canada, more than)","Demand and referral patterns are accelerating across a growing network of more than 90 U.S. and Canadian academic and community authorized treatment centers (ATCs). By year-end 2026, at least 110 ATCs will be activated.","Iovance 8-K exhibit 99.1, Q1 2026 results",https://www.sec.gov/Archives/edgar/data/1425205/000110465926056782/tm2613648d1_ex99-1.htm,2026-09-06,verified-from-source,
United States,Amtagvi,turnaround-time,2026-05-07,Iovance Biotherapeutics,stated,Manufacturing turnaround time.,32,days (or less),"Amtagvi turnaround time is 32 days or less with the first scaled, centralized commercial manufacturing process for TIL therapy.","Iovance 8-K exhibit 99.1, Q1 2026 results",https://www.sec.gov/Archives/edgar/data/1425205/000110465926056782/tm2613648d1_ex99-1.htm,2026-09-06,verified-from-source,
United States,Tecelra,delivery-site,2024-08-12,Adaptimmune,stated,Launch plan at approval.,6,authorized treatment centers (6-10 initially),Tecelra will be available in 6-10 US authorized treatment centers in the coming weeks,"Adaptimmune 8-K exhibit 99.1, Q2 2024 results",https://www.sec.gov/Archives/edgar/data/1621227/000155837024011793/adap-20240812xex99d1.htm,2026-09-06,verified-from-source,"March 2024: ""Initially, launch will be focused on 6-10 selected treatment centers ... and will expand to up to ~30 additional ATCs""."
United States,Tecelra,delivery-site,2024-11-13,Adaptimmune,stated,ATCs open at Q3 2024; target network.,9,authorized treatment centers,Tecelra launch on track with 9 Authorized Treatment Centers available to initiate patient treatment journey,"Adaptimmune 8-K exhibit 99.1, Q3 2024 results",https://www.sec.gov/Archives/edgar/data/1621227/000155837024015525/adap-20241113xex99d1.htm,2026-09-06,verified-from-source,"Same release: ""the full ATC network of approximately 30 ATCs will be active by the end of 2025, covering an estimated 80% of patients treated in sarcoma centers of excellence""."
United States,Tecelra,delivery-site,2025-03-20,Adaptimmune,stated,ATCs accepting referrals at FY2024 results.,20,authorized treatment centers,20 Authorized Treatment Centers (ATCs) now accepting referrals,"Adaptimmune 8-K exhibit 99.1, Q4/FY2024 results",https://www.sec.gov/Archives/edgar/data/1621227/000155837025003340/adap-20250320xex99d1.htm,2026-09-06,verified-from-source,
United States,Tecelra,delivery-site,2025-05-13,Adaptimmune,stated,ATCs accepting referrals at Q1 2025.,28,authorized treatment centers,28 Authorized Treatment Centers (ATCs) now accepting referrals,"Adaptimmune 8-K exhibit 99.1, Q1 2025 results",https://www.sec.gov/Archives/edgar/data/1621227/000155837025007493/adap-20250513xex99d1.htm,2026-09-06,verified-from-source,Same release: 21 patients apheresed and 14 doses invoiced year to date.
United States,Aucatzyl,delivery-site,2025-01-13,Autolus Therapeutics,stated,Launch network plan.,30,key centers primed for activation,30 key centers primed for activation covering ~ 60% of r/r B-ALL target population with ~30 additional centers to follow by end 2025,"Autolus 8-K exhibit 99.1 (corporate presentation), 13 January 2025",https://www.sec.gov/Archives/edgar/data/1730463/000173046325000004/autlex-991cp130125.htm,2026-09-06,verified-from-source,
United States,Aucatzyl,delivery-site,2025-03-20,Autolus Therapeutics,stated,Authorized treatment centres four months after approval.,33,authorized treatment centers,"commercial launch progressing on track with 33 authorized treatment centers as of March 19, 2025, following US FDA approval on November 8, 2024","Autolus 8-K exhibit 99.1, FY2024 results",https://www.sec.gov/Archives/edgar/data/1730463/000173046325000010/autlex-991pr200325.htm,2026-09-06,verified-from-source,"Same release: ""Autolus continues to expect to complete authorization of 60 treatment centers by the end of 2025, covering approximately 90% of the target patient population""."
United States,Aucatzyl,delivery-site,2025-11-12,Autolus Therapeutics,stated,Authorized treatment centres at Q3 2025.,60,authorized treatment centers,60 authorized treatment centers achieved ahead of target,"Autolus 8-K exhibit 99.1, Q3 2025 results",https://www.sec.gov/Archives/edgar/data/1730463/000173046325000081/autlex-991pr121125.htm,2026-09-06,verified-from-source,"January 2026 deck: ""More than 60 treatment centers activated""."
United States,Aucatzyl,turnaround-time,2024-03-15,Autolus Therapeutics,stated,Expected delivery time at launch (earnings call).,16,days (approximately),minimizing the turnaround time will be in terms of delivery time at around 16 days at time of launch.,"Autolus 8-K exhibit 99.1, earnings call transcript 15 March 2024",https://www.sec.gov/Archives/edgar/data/1730463/000173046324000029/ex-991ectranscript150324.htm,2026-09-06,verified-from-source,Call transcript wording.
United States,Casgevy,delivery-site,2024-02-05,Vertex Pharmaceuticals,stated,US ATCs activated two months after approval and US target.,12,authorized treatment centers (US),"Vertex has activated 12 authorized treatment centers (ATCs) in the U.S. [...] and three in the EU, with the ultimate goal of activating approximately 50 ATCs in the U.S.","Vertex 8-K exhibit 99.1, Q4 2023 results",https://www.sec.gov/Archives/edgar/data/875320/000087532024000012/ex-991_q42023.htm,2026-09-06,verified-from-source,"Bracketed ellipsis marks a sentence-split in extraction; CRISPR Therapeutics release of 21 February 2024 repeats ""the activation of 12 authorized treatment centers (ATCs) in the U.S."""
United States,Casgevy,delivery-site,2024-05-06,Vertex Pharmaceuticals,stated,Global ATCs activated (mid-April 2024).,25,"authorized treatment centers (global, more than)","As of mid-April, Vertex has activated more than 25 authorized treatment centers (ATCs) globally and multiple patients across all regions have initiated cell collection.","Vertex 8-K exhibit 99.1, Q1 2024 results",https://www.sec.gov/Archives/edgar/data/875320/000087532024000137/ex-991_q12024.htm,2026-09-06,verified-from-source,Global figure.
United States,Casgevy,delivery-site,2024-08-01,Vertex Pharmaceuticals,stated,Global ATCs activated (mid-July 2024).,35,"authorized treatment centers (global, more than)","As of mid-July, Vertex has activated more than 35 authorized treatment centers (ATCs) globally and increasing numbers of patients across all regions have initiated cell collection.","Vertex 8-K exhibit 99.1, Q2 2024 results",https://www.sec.gov/Archives/edgar/data/875320/000087532024000193/ex-991_q22024.htm,2026-09-06,verified-from-source,Global figure.
United States,Casgevy,delivery-site,2024-11-04,Vertex Pharmaceuticals,stated,Global ATCs activated (mid-October 2024); first infusion revenue in Q3 2024.,45,authorized treatment centers (global),"As of mid-October, Vertex has activated 45 authorized treatment centers (ATCs) globally and increasing numbers of patients across all regions have initiated cell collection.","Vertex 8-K exhibit 99.1, Q3 2024 results",https://www.sec.gov/Archives/edgar/data/875320/000087532024000221/ex-991_q32024.htm,2026-09-06,verified-from-source,"Same release: ""In the third quarter of 2024, Vertex's product revenue included revenue from the first patient infused with CASGEVY."""
United States,Casgevy,delivery-site,2025-02-10,Vertex Pharmaceuticals,stated,Global ATCs at end 2024; more than 50 patients with cell collection.,50,"authorized treatment centers (global, more than)","As of the end of 2024, Vertex has activated more than 50 authorized treatment centers (ATCs) globally and more than 50 patients have initiated cell collection.","Vertex 8-K exhibit 99.1, Q4 2024 results",https://www.sec.gov/Archives/edgar/data/875320/000087532025000029/ex-991_q42024.htm,2026-09-06,verified-from-source,Global figure.
United States,Casgevy,delivery-site,2025-05-06,CRISPR Therapeutics,stated,Global ATCs as of 1 May 2025.,65,"authorized treatment centers (global, more than)","As of May 1, more than 65 authorized treatment centers (ATCs) have been activated globally and approximately 90 patients have had their first cell collection","CRISPR Therapeutics 8-K exhibit 99.1, Q1 2025 results",https://www.sec.gov/Archives/edgar/data/1674416/000095017025064435/crsp-ex99_1.htm,2026-09-06,verified-from-source,Global figure.
United States,Casgevy,delivery-site,2025-08-04,Vertex Pharmaceuticals,stated,Global ATC activation target met.,75,"authorized treatment centers (global, more than)",Vertex has met its goal of activating more than 75 authorized treatment centers (ATCs) globally.,"Vertex 8-K exhibit 99.1, Q2 2025 results",https://www.sec.gov/Archives/edgar/data/875320/000087532025000213/ex-991_q22025.htm,2026-09-06,verified-from-source,"CRISPR Therapeutics same quarter: ""~115 patients have had cells collected across all regions""."
United States,Casgevy,capacity-statement,2025-11-03,Vertex Pharmaceuticals / CRISPR Therapeutics,stated,Patient flow through ATC network to 30 September 2025.,39,"patients infused (global, cumulative)","Globally, since launch through September 30 th , 2025, approximately 165 people with SCD or TDT have had their first cell collection for CASGEVY, including 50 people in the third quarter of 2025; and 39 people with SCD or TDT have received infusions of CASGEVY, including 10 people infused in the third quarter of 2025.","Vertex 8-K exhibit 99.1, Q3 2025 results",https://www.sec.gov/Archives/edgar/data/875320/000087532025000230/ex-991_q32025.htm,2026-09-06,verified-from-source,"CRISPR Q3 2025 release: ""Nearly 300 patients have been referred by their physicians to an authorized treatment center (ATC)"" and ""Through the end of September, 25 ATCs had initiated more than 5 patients""."
United States,Zynteglo,delivery-site,2023-05-09,bluebird bio,stated,QTC scale-up target for 2023.,40,qualified treatment centers (target 40-50 by end 2023),The Company is on track to scale to 40-50 qualified treatment centers by the end of 2023.,"bluebird bio 8-K exhibit 99.1, Q1 2023 results",https://www.sec.gov/Archives/edgar/data/1293971/000129397123000021/exhibit99120230509.htm,2026-09-06,verified-from-source,
United States,Lyfgenia,delivery-site,2023-12-11,bluebird bio,stated,QTCs ready at FDA approval and Q1 2024 target.,27,qualified treatment centers,"At the time of approval, 27 QTCs are ready to receive patient referrals and the Company anticipates a QTC network of 40 or more QTCs to be fully activated for LYFGENIA patients by the end of the first quarter of 2024.","bluebird bio 8-K exhibit 99.1, 11 December 2023",https://www.sec.gov/Archives/edgar/data/1293971/000119312523292087/d84993dex991.htm,2026-09-06,verified-from-source,
United States,Lyfgenia,turnaround-time,2023-12-11,bluebird bio,stated,Manufacturing stage designed duration (investor deck).,70,days (70-105),LYFGENIA manufacturing process STAGE 2 Designed to take 70-105 days Bulk of time spent on release testing to deliver high quality drug product,"bluebird bio 8-K exhibit 99.1 (presentation), 11 December 2023",https://www.sec.gov/Archives/edgar/data/1293971/000119312523292087/d84993dex991.htm,2026-09-06,verified-from-source,"Deck also: ""60% of SCD patients are within 50 miles of a planned QTC"" and ""95% of SCD patients are within 200 miles of a planned QTC""."
United States,Lyfgenia,delivery-site,2024-01-08,bluebird bio,stated,QTCs accepting SCD referrals; Zynteglo QTCs activated.,35,qualified treatment centers (Lyfgenia),"Established Qualified Treatment Center (QTC) network in place, with 48 centers activated for ZYNTEGLO for beta-thalassemia as of January 5, 2024","bluebird bio 8-K exhibit 99.1, 8 January 2024",https://www.sec.gov/Archives/edgar/data/1293971/000129397124000004/exhibit99120240108.htm,2026-09-06,verified-from-source,"Headline: ""35 Qualified Treatment Centers accepting patient referrals""; Zynteglo 48 activated."
United States,Zynteglo,delivery-site,2024-03-26,bluebird bio,stated,QTCs activated (signed MSA) at FY2023 results.,62,qualified treatment centers,"bluebird has activated 62 QTCs for ZYNTEGLO (defined as a signed MSA); capitalizing on launch synergies, 49 centers are already receiving referrals for LYFGENIA","bluebird bio 8-K exhibit 99.1, Q4 2023 results",https://www.sec.gov/Archives/edgar/data/1293971/000129397124000010/exhibit99120240324.htm,2026-09-06,verified-from-source,Lyfgenia 49 receiving referrals.
United States,Lyfgenia,delivery-site,2024-05-09,bluebird bio,stated,QTCs activated for both haemoglobinopathy products.,64,qualified treatment centers,bluebird has activated 64 QTCs for LYFGENIA and ZYNTEGLO (defined as a signed MSA),"bluebird bio 8-K exhibit 99.1, Q1 2024 results",https://www.sec.gov/Archives/edgar/data/1293971/000129397124000020/exhibit99120240509.htm,2026-09-06,verified-from-source,
United States,Lyfgenia,delivery-site,2024-11-14,bluebird bio,stated,Activated QTCs at Q3 2024 and share treating patients.,70,qualified treatment centers (more than),"More than 70 activated QTCs, with 40% having initiated or completed treatment for at least one patient.","bluebird bio 8-K exhibit 99.1, Q3 2024 results",https://www.sec.gov/Archives/edgar/data/1293971/000129397124000076/exhibit99120241114.htm,2026-09-06,verified-from-source,
United States,Luxturna,delivery-site,2018-05-08,Spark Therapeutics,stated,First three US patients treated at three centres.,3,treatment centers,"Launched LUXTURNA in U.S., with three patients treated at different treatment centers - Massachusetts Eye and Ear in Boston, Bascom Palmer Eye Institute in Miami and The Vision Center at Children's Hospital of Los Angeles","Spark Therapeutics 8-K exhibit 99.1, Q1 2018 results",https://www.sec.gov/Archives/edgar/data/1609351/000160935118000042/spark-exhibit991q12018.htm,2026-09-06,verified-from-source,
United States,Luxturna,delivery-site,2018-08-07,Spark Therapeutics,stated,Treatment centres with treated patients at Q2 2018.,6,treatment centers,"Continued strong execution of LUXTURNA launch in U.S., with 12 vials shipped in the second quarter of 2018 and patients now treated in six treatment centers","Spark Therapeutics 8-K exhibit 99.1, Q2 2018 results",https://www.sec.gov/Archives/edgar/data/1609351/000160935118000069/spark-exhibit991q22018.htm,2026-09-06,verified-from-source,
United States,Lenmeldy / Libmeldy,delivery-site,2023-11-13,Orchard Therapeutics,stated,US launch preparation: establishing qualified treatment centres in 1H 2024 (no count given).,,,"launch, including establishing qualified treatment centers and expanding newborn screening activities in the country, in the first half of 2024 following an anticipated FDA decision on March 18, 2024","Orchard Therapeutics 8-K exhibit 99.1, Q3 2023 results",https://www.sec.gov/Archives/edgar/data/1748907/000095017023062423/ortx-ex99_1.htm,2026-09-06,verified-from-source,"August 2023 deck (EU): ""Average vein-to-vein time of 55 days with 100% success in production"" and ""4 of 5 qualified centers"" (Europe)."
United States,Zolgensma,delivery-site,,Novartis Gene Therapies,not-found,No Novartis filing sentence giving a US Zolgensma treatment-site count was found; the sponsor site-locator URL tried returned 404.,,,,EDGAR full-text search; zolgensma-hcp.com,https://efts.sec.gov/LATEST/search-index?q=%22Zolgensma%22%20%22treatment%20centers%22&ciks=0001114448,2026-09-06,not-found,
United States,Elevidys,delivery-site,,Sarepta Therapeutics,not-found,No Sarepta filing sentence giving a count of Elevidys treatment sites was found.,,,,EDGAR full-text search,https://efts.sec.gov/LATEST/search-index?q=%22ELEVIDYS%22%20%22sites%22&ciks=0000873303,2026-09-06,not-found,
United States,system,delivery-site,2026-09-06,Foundation for the Accreditation of Cellular Therapy (FACT),stated,"FACT accredited-institution directory counts as read 2026-09-06: USA total 259 organisations; USA with Immune Effector Cellular Therapy clinical service 171; global IEC clinical service 201; USA accredited under FACT IEC stand-alone standards 7 (8 globally); 348 accredited organisations overall (299 cellular therapy, 49 cord blood).",171,US organisations with FACT IEC clinical service,Found 171 Results,"FACT accredited institutions directory (filters country=USA, clinical=Immune Effector Cellular Therapy)",https://accredited.factglobal.org/?_sft_country=usa&_sft_clinical=immune-effector-cellular-therapy,2026-09-06,verified-from-source,Directory is a current snapshot; no by-year series is published on the page.
United States,CAR-T class,delivery-site,2020-12-31,CIBMTR,stated,CIBMTR 2020 Cellular Therapy Summary Slides: CAR-T recipients 2016-2020 reported by US centres.,159,US centers reporting CAR-T,"The data was reported by 159 US centers, the median age of CAR T cell recipients is 59 years, and 34% received a prior autologous or allogeneic HCT.",CIBMTR 2020 Cellular Therapy Summary Slides (slide 6 and notes),https://cibmtr.org/Files/CIDR/CT_SummarySlides_2020.pptx,2026-09-06,verified-from-source,"N=4,094 CAR-T recipients 2016-2020; slide 1 notes: reporting ""estimated to be 65 % of commercial products""."
United States,CAR-T class,delivery-site,2021-12-31,CIBMTR,stated,CIBMTR 2021 Cellular Therapy Summary Slides: reporting centres 2016-2021.,195,"reporting centers (US, Canada, Israel; US 95 percent)","There are 195 reporting centers from US, Canada and Israel.",CIBMTR 2021 Cellular Therapy Summary Slides (slide 6 and notes),https://cibmtr.org/Files/CIDR/CT_SummarySlides_2021.pptx,2026-09-06,verified-from-source,"Slide 6 title: ""CAR T Cell Indications: 2016-2021 (N=6,343) Centers: 195 (US 95%)""."
United States,CAR-T class,delivery-site,,CIBMTR,not-found,"CIBMTR US Summary Slides 2022, 2023, 2024 and 2025 decks were downloaded and text-searched; no count of centres reporting CAR-T was found in slide or notes text.",,,,CIBMTR Summary Slides 2022-2025,https://cibmtr.org/CIBMTR/Resources/Summary-Slides-Reports,2026-09-06,not-found,Decks: The-US-Summary-Slides-2022-v4---web-version.pptx; Summary-Slides-2023-website-version.pptx; CIBMTR-Summary-Slides-2024-8.26.2025-WEB.pptx; 2025-Summary-Slides-Final-for-WEB.pptx.
United States,system,policy-statement,2019-01-15,FDA (Commissioner Gottlieb and CBER Director Marks),stated,Joint statement on cell and gene therapy: more than 800 active INDs; more than 200 INDs per year expected by 2020; 10 to 20 approvals per year predicted by 2025.,10,"approvals per year (10 to 20, predicted by 2025)","by 2025, we predict that the FDA will be approving 10 to 20 cell and gene therapy products a year",FDA statement 15 January 2019 (PR Newswire syndication of the FDA release),https://www.prnewswire.com/news-releases/statement-from-fda-commissioner-scott-gottlieb-md-and-peter-marks-md-phd-director-of-the-center-for-biologics-evaluation-and-research-on-new-policies-to-advance-development-of-safe-and-effective-cell-and-gene-therapies-300778680.html,2026-09-06,verified-from-source,"Also: ""more than 800 active cell-based or directly administered gene therapy INDs currently on file"" and ""by 2020 we will be receiving more than 200 INDs per year"". The fda.gov URL for the statement returned 404; the PR Newswire copy carries the FDA dateline."
United States,system,policy-statement,2024-05-01,FDA,stated,"Draft guidance Platform Technology Designation Program for Drug Development (section 506K FD&C Act, added by FDORA 2022); issued May 2024.",,,Not for implementation. Contains non-binding recommendations.,"FDA draft guidance, May 2024",https://www.fda.gov/regulatory-information/search-fda-guidance-documents/platform-technology-designation-program-drug-development,2026-09-06,verified-from-source,"Purpose per guidance: ""result in efficiencies in drug development, manufacturing, and review processes for drug product applications"" using designated platform technologies."
United States,system,policy-statement,2024-05-29,FDA (CBER and CDER),started,START pilot (Support for clinical Trials Advancing Rare disease Therapeutics): announced September 2023; applications 2 January to 1 March 2024; participants notified 29 May 2024; frequent ad hoc advice on trial design for rare-disease gene therapies and drugs.,,,"On May 29, 2024, the FDA notified selected participants of their acceptance into the Support for clinical Trials Advancing Rare disease Therapeutics (START) Pilot Program.",FDA Roundup 31 May 2024; CBER CY2024 Report from the Director,https://www.fda.gov/news-events/press-announcements/fda-roundup-may-31-2024,2026-09-06,verified-from-source,"Number of participants not stated on the pages read. CBER CY2024 report: ""ten new cell and gene therapies for rare diseases approved since the reorganization, approximately twice the rate of previous years' approvals""."
United States,system,policy-statement,2025-11-12,"FDA (Commissioner Makary and CBER Director Prasad, NEJM)",stated,Plausible mechanism pathway for bespoke and rare-disease therapies proposed in NEJM: approval could rest on confirmation of target engagement or editing plus consistent clinical improvement; rare and paediatric diseases prioritised.,,,"confirmation that the target was successfully drugged or edited, when clinically feasible","Prasad V, Makary MA. NEJM 2025, doi 10.1056/NEJMsb2512695; summarised by AABB News 19 November 2025",https://www.nejm.org/doi/full/10.1056/NEJMsb2512695,2026-09-06,provisional-from-snippet,"NEJM and the FDA page returned 403/404; wording taken from AABB summary (https://www.aabb.org/news-resources/news/article/2025/11/19/fda-leaders-propose-new-regulatory-pathway-for-bespoke-therapies): also requires ""consistent clinical improvement that cannot be explained by regression to the mean"" and ""could also extend to common conditions with numerous causative mutations or considerable unmet need"". Publication date 12 November 2025 per BioPharma Dive search snippet."
United States,system,policy-statement,2022-08-16,"US Congress (Inflation Reduction Act, Public Law 117-169, section 1192)",stated,Medicare Drug Price Negotiation Program: a biologic becomes a qualifying single source drug only 11 years after licensure (7 years for drugs); drugs designated for only one rare disease and approved only for it are excluded; low-spend drugs excluded. Relevance: one-time gene therapies with a single orphan designation are outside negotiation.,11,years after licensure (biologics) before negotiation eligibility,"A drug that is designated as a drug for only one rare disease or condition under section 526 of the Federal Food, Drug, and Cosmetic Act and for which the only approved indication (or indications) is for such disease or condition.","Public Law 117-169 text (govinfo), section 1192(e)",https://www.govinfo.gov/content/pkg/PLAW-117publ169/html/PLAW-117publ169.htm,2026-09-06,verified-from-source,"Statute text: biological product ""for which ... at least 11 years will have elapsed since the date of such licensure""; drug ""at least 7 years will have elapsed since the date of such approval"". Enactment date is the Public Law date."
United States,Zevaskyn,delivery-site,2025-05-14,Abeona Therapeutics,stated,First qualified treatment centre activated (Ann & Robert H. Lurie Children's Hospital of Chicago per 10-Q); product available from Q3 2025 through QTCs.,1,qualified treatment center,"First Qualified Treatment Center Activation On May 14, 2025, we announced that Ann & Robert H",Abeona Therapeutics Form 10-Q Q1 2025,https://www.sec.gov/Archives/edgar/data/318306/000164117225010516/form10-q.htm,2026-09-06,verified-from-source,"FY2024 10-K (March 2025): ""in discussions with 5 to 7 epidermolysis bullosa centers of excellence to onboard them as pz-cel Qualified Treatment Centers"". Further activations: Lucile Packard (15 July 2025), Children's Hospital Colorado (8 October 2025)."
United States,Zevaskyn,delivery-site,2026-03-17,Abeona Therapeutics,stated,Activated QTCs as of March 2026.,4,qualified treatment centers,"As of March 2026, we have activated 4 qualified treatment centers and are in discussions with additional centers as we continue to expand the ZEVASKYN qualified treatment network",Abeona Therapeutics Form 10-K for 2025,https://www.sec.gov/Archives/edgar/data/318306/000149315226010413/form10-k.htm,2026-09-06,verified-from-source,
United States,Zevaskyn,payment-rule,2026-01-01,CMS,granted,Permanent HCPCS J-code for ZEVASKYN effective 1 January 2026 (as stated by sponsor).,,,"Effective January 1, 2026, CMS also has issued a permanent J-code for ZEVASKYN that we expect will simplify claims and reimbursement processing between qualified treatment centers and all payer types",Abeona Therapeutics Form 10-K for 2025,https://www.sec.gov/Archives/edgar/data/318306/000149315226010413/form10-k.htm,2026-09-06,verified-from-source,Code number not stated in the sentence read.
United States,Zevaskyn,delivery-site,2026-08-13,Abeona Therapeutics,stated,QTC network at Q2 2026 results; cumulative treatments.,7,qualified treatment centers,Expanding QTC network now includes seven sites nationwide ; growing number of QTCs progressing patients through treatment process,"Abeona Therapeutics 8-K exhibit 99.1, Q2 2026 results",https://www.sec.gov/Archives/edgar/data/318306/000149315226037575/ex99-1.htm,2026-09-06,verified-from-source,"Same release: ""Five patients treated with ZEVASKYN in Q2 2026 and three treatments in Q3 2026 to-date; since launch, 12 treatments completed"". Activations: NewYork-Presbyterian/Columbia (2 April 2026), CHOP (11 May 2026), Cincinnati Children's (21 July 2026)."
