"system","product","event_type","event_date","body","outcome","detail","amount","currency","stated_reason_verbatim","source_doc","source_url","fetched_date","status","notes"
"Singapore","system","policy-statement","2020-11-06","Health Sciences Authority","stated","Public consultation on the proposed regulation of Cell, Tissue and Gene Therapy Products under the Health Products Act; consultation period 6 to 27 November 2020; proposed two-tier framework (Class 1 notification only; Class 2 registration and dealer licensing).","","","""Public Consultation on the Proposed Regulation for Cell, Tissue and Gene Therapy Products under the Health Products Act""; consultation ""6 November 2020 to 27 November 2020""","HSA announcement: Public consultation on CTGTP regulation","https://www.hsa.gov.sg/announcements/ctgtp/","2026-09-06","verified-from-source",""
"Singapore","system","policy-statement","2021-01-06","Health Sciences Authority","stated","Summary of responses to the CTGTP public consultation published; notes feedback on impact to CTGTP previously allowed under the Medical Devices Special Access Route (MDSAR).","","","""Summary of Responses to Feedback from Public Consultation on the Proposed Regulation for Cell, Tissue and Gene Therapy Products under the Health Products Act""","HSA announcement: Summary of responses (CTGTP)","https://www.hsa.gov.sg/announcements/summary-of-responses-ctgtp/","2026-09-06","verified-from-source",""
"Singapore","system","regulatory-registration","2021-03-01","Health Sciences Authority","started","CTGTP regulatory framework commenced: Health Products (Cell, Tissue and Gene Therapy Products) Regulations 2021 under the Health Products Act; risk-stratified Class 1 / Class 2; Class 2 requires product registration.","","","""The Health Sciences Authority of Singapore has implemented a fit-for-purpose regulatory framework for Cell, Tissue, and Gene Therapy Products (CTGTPs) on 1 March 2021. A total of 11 pieces of subsidiary legislation for CTGTP are gazetted under the Health Products Act as Health Products (CTGTP) Regulations 2021.""","Regulatory Oversight of Cell, Tissue, and Gene Therapy Products in Singapore, Adv Exp Med Biol 2023 (PMID 37526849), abstract via Europe PMC","https://www.ebi.ac.uk/europepmc/webservices/rest/search?query=EXT_ID:37526849&format=json&resultType=core","2026-09-06","verified-from-source","Corroborated by Regen Ther 2025 report (PMC12019077): HSA 'implemented CTGTP regulations on March 1, 2021'. HSA's own regulatory-overview page names the Regulations 2021 but does not state the commencement date. Kymriah was approved 9 March 2021, eight days after commencement."
"Singapore","system","regulatory-registration","","Health Sciences Authority","stated","Class definitions and registration requirement (HSA regulatory overview page, last updated 14 April 2026).","","","Class 1 CTGTP: ""CTGTP which satisfies ALL the following criteria: minimally manipulated, intended for homologous use, not combined or used in conjunction with therapeutic products or medical devices""; Class 2 CTGTP: ""Other CTGTP which are not classified as Class 1 CTGTP.""; ""HSA regulates the registration, import, manufacture and supply of Cell, Tissue and Gene Therapy Products (CTGTP) in Singapore.""","HSA: Regulatory overview of CTGTP; HSA CTGTP landing page","https://www.hsa.gov.sg/ctgtp/overview/regulatory-overview/","2026-09-06","verified-from-source",""
"Singapore","system","regulatory-registration","2026-06","Health Sciences Authority","stated","Class 2 CTGTP evaluation routes: Full (not approved by any comparable overseas regulator) or Abridged (approved by at least one of TGA, Health Canada, US FDA, EMA, UK MHRA); application types NDA-1/2/3; pre-submission notification two months before full-route submission; overseas manufacturers subject to HSA GMP conformity assessment; RMP required for all NDA-1.","","","""Full: Any new CTGTP that has not been approved by any of HSA's comparable overseas regulators at the time of submission."" ""Abridged: Any new CTGTP that has been approved by at least one of HSA's comparable overseas regulators at the time of submission.""","HSA GN-ATPB-1-1 Version 4, Guidance on Cell, Tissue and Gene Therapy Products Registration and Variation Applications in Singapore, June 2026","https://isomer-user-content.by.gov.sg/409/d49126ee-1119-4510-8110-28c513fc210e/GN-ATPB-1-1%20Ver%204%20Guidance%20on%20Cell%20Tissue%20and%20Gene%20Therapy%20Products%20Registration%20and%20Variation%20A.pdf","2026-09-06","verified-from-source","The 22-page guidance contains no 'conditional registration' or 'priority review' section (string search returned zero hits)."
"Singapore","system","special-access","","Health Sciences Authority","stated","Special Access Route (SAR) for unregistered Class 2 CTGTP: import and supply at the request of a qualified practitioner for a named patient requires HSA approval; request form FORM-ATPB-1-1 Rev 002; page last updated 30 April 2026.","","","""Import and supply of unregistered Class 2 CTGTP at the request of qualified practitioners for use on their patients will require approval""; intended ""for life-saving therapies, where there is an unmet medical need""; the requesting doctor assumes ""full responsibility for the use of the unregistered CTGTP on the patient.""","HSA: Special Access Routes (SAR) for Class 2 CTGTP; Import and supply of unregistered CTGTP","https://www.hsa.gov.sg/ctgtp/class2/sar/unregistered-ctgtp/","2026-09-06","verified-from-source","Landing page: https://www.hsa.gov.sg/ctgtp/class2/sar/ (last updated 25 March 2026). Regen Ther 2025 report also notes the Health Products (Exemptions) Order 2016 permits use of out-of-specification autologous CTGTPs in select cases."
"Singapore","system","regulatory-registration","2024-10-07","Health Sciences Authority","started","Class 2 CTGTP registration moved to SHARE (Singapore Health Product Access and Regulatory E-System) from 7 October 2024 (announced 18 September 2024); SHARE hosts the public CTGTP Database.","","","""Singapore Health Product Access and Regulatory E-System""; database banner: ""Cell, Tissue and Gene Therapy Products (CTGTP) Database"" / ""Notified Class 1 and Registered Class 2 CTGTP Search""","HSA announcement: SHARE for Class 2 CTGTP registration; SHARE approved products page","https://www.hsa.gov.sg/announcements/share-for-class-2-ctgtp-registration/","2026-09-06","verified-from-source","HSA's public CTGTP register is the 'Cell, Tissue and Gene Therapy Products (CTGTP) Database' at https://share.hsa.gov.sg/mop/approvedproducts (Notified Class 1 and Registered Class 2 CTGTP Search); it is a client-side Svelte app whose data endpoint could not be reached with curl/WebFetch (page shell only), so HSA listing dates could not be read directly. Regen Ther 2025 report: SHARE launched 2 January 2024 for Class 1 notifications."
"Singapore","system","regulatory-registration","2024-04","Health Sciences Authority","registered","Count of Class 2 CTGTP approved in Singapore as of April 2024, per industry (SAPI) presentation at the 7th Asia Partnership Conference: five products - Kymriah, Luxturna, Yescarta, Zolgensma, SpheChon.","5","","""Five Class 2 CTGTPs"" approved as of April 2024: ""Kymriah, Luxturna, Yescarta, Zolgensma, and SpheChon"" (as summarised from the report)","Tsurumaki Y et al., Regulatory insights on gene therapies ... Report from the 7th Asia partnership conference, Regen Ther 2025;29:404-418","https://pmc.ncbi.nlm.nih.gov/articles/PMC12019077/","2026-09-06","verified-from-source","Secondary source (conference report, speaker Srinivasan Kellathur, Roche Singapore, for SAPI). SpheChon is a Korean autologous chondrocyte product, not in the cohort. Casgevy, Carvykti, Breyanzi, Tecartus, Abecma not in this list as of April 2024."
"Singapore","system","policy-statement","","Agency for Care Effectiveness","stated","ACE role: national HTA and clinical guidelines agency; conducts evaluations that inform MOH funding decisions and value-based pricing negotiations; publishes technology guidances (page last updated 29 May 2026).","","","""Established by the Ministry of Health, the Agency for Care Effectiveness (ACE) is Singapore's national health technology assessment (HTA) and clinical guidelines agency."" ""We conduct technical evaluations that inform funding decisions for health technologies ... Conducting value-based pricing negotiations with companies""","ACE: Who we are","https://www.ace-hta.gov.sg/who-we-are/","2026-09-06","verified-from-source",""
"Singapore","system","policy-statement","","MOH Drug Advisory Committee","stated","MOH Drug Advisory Committee (DAC) makes subsidy recommendations on drugs and CTGTPs on the basis of ACE evaluations against four criteria; technology guidances are issued 'from the MOH Drug Advisory Committee'.","","","""The evidence was used to inform the Committee's deliberations around four core decision-making criteria: Clinical need of patients and nature of the condition; Clinical effectiveness and safety of the technology; Cost-effectiveness (value for money) - the incremental benefit and cost of the technology compared to existing alternatives; and Estimated annual technology cost and the number of patients likely to benefit from the technology.""","ACE Technology Guidance: Tisagenlecleucel for relapsed or refractory B-cell ALL (1 Aug 2024), para 1.2","https://www.ace-hta.gov.sg/healthcare-professionals/ace-technology-guidance/drug-guidance/tisagenlecleucel-for-relapsed-or-refractory-b-cell-acute-lymphoblastic-leukaemia/","2026-09-06","verified-from-source",""
"Singapore","system","policy-statement","2025-05","Health Technology Advisory Council","stated","Health Technology Advisory Council (HTAC): independent body advising MOH on financial support for high-cost, high-impact technologies; reviewed onasemnogene abeparvovec at its May 2025 meeting.","","","""the Health Technology Advisory Council ('the Council'), an independent professional body that supports the MOH in determining if financial support for high-cost, high-impact health technologies is appropriate.""","ACE Technology Guidance: Onasemnogene abeparvovec for treating SMA (16 Sep 2025), para 1.1","https://www.ace-hta.gov.sg/healthcare-professionals/ace-technology-guidance/drug-guidance/onasemnogene-abeparvovec-for-treating-spinal-muscular-atrophy/","2026-09-06","verified-from-source",""
"Singapore","system","policy-statement","2026-02-27","MediShield Life Council","stated","MediShield Life Council terms of reference (page last updated 27 February 2026).","","","""The MediShield Life Council makes recommendations to the Minister for Health on policy and scheme parameters, administration of the scheme and on matters related to the MediShield Life Fund.""","MOH: MediShield Life Council","https://www.moh.gov.sg/managing-expenses/schemes-and-subsidies/medishield-life/medishield-life-council/","2026-09-06","verified-from-source",""
"Singapore","system","policy-statement","2023-11-22","Ministry of Health","stated","Rare Disease Fund (RDF) governance and expansion to CTGTPs; RDF Committee decides case by case; eight patients supported since November 2022 (parliamentary reply to NMP Ong Hua Han, Q5225).","8","","""The Rare Disease Fund (RDF) is a charity fund for which Government matches donations 3-to-1, and is managed by the RDF Committee (RDFC) comprising community representatives under the advice of a panel of medical experts."" ""The expansion of RDF to cover Cell, Tissue, and Gene Therapy Products (CTGTPs), and ability to draw on the principal donation to spend on CTGTPs are fairly recent arrangements"" ""Currently, the RDF has listed seven treatments for five conditions."" ""Since November 2022, the RDF has received and supported applications from eight patients.""","MOH parliamentary reply: Rare Disease Fund, 22 Nov 2023","https://www.moh.gov.sg/newsroom/rare-disease-fund/","2026-09-06","verified-from-source","No gene therapy in the cohort is named as an RDF-listed treatment in any MOH page read."
"Singapore","system","policy-statement","2023-10-04","Ministry of Health","stated","RDF size and CTGTP coverage (parliamentary reply to NCMP Leong Mun Wai, Q5032): fund $143 million at end-FY22; FY23 projected investment income $4.8 million; expenditure $2.4 million.","143000000","SGD","""While RDF predominantly operates as an endowed fund that relies on investment income to support beneficiaries on lifelong, high-cost treatments, its coverage was recently expanded to include Cell, Tissue, and Gene Therapy Products (CTGTPs) which are higher cost, one-off treatments. For CTGTPs, donors can specify that the principal sum of their donations can be drawn down."" ""The RDF Committee will evaluate each CTGTP application on a case-by-case basis, taking into consideration the circumstances of each patient and fund availability.""","MOH parliamentary reply: Size, annual income and expenditure of Rare Disease Fund, 4 Oct 2023","https://www.moh.gov.sg/newsroom/size-annual-income-and-expenditure-of-rare-disease-fund/","2026-09-06","verified-from-source",""
"Singapore","system","policy-statement","2023-08-04","Minister for Health Ong Ye Kung","stated","Speech at Singapore Cell and Gene Therapy Conference and launch of ACTRIS.","","","""cell and gene therapies are costly because they are often developed for rare genetic conditions, are customised to the individual and do not enjoy the same economies of scale."" ""Benefits to patients must justify the costs. If not, the burden on our society and healthcare system will be too heavy to bear.""","MOH: Speech by Minister for Health at the Singapore Cell and Gene Therapy Conference and launch of ACTRIS, 4 Aug 2023","https://www.moh.gov.sg/newsroom/speech-by-minister-for-health-mr-ong-ye-kung-at-the-singapore-cell-and-gene-therapy-conference-and-launch-of-the-advanced-cell-therapy-and-research-institute-(actris)-on-4-august-2023/","2026-09-06","verified-from-source",""
"Singapore","system","policy-statement","2024-03-06","Minister for Health Ong Ye Kung","stated","MOH Committee of Supply 2024 speech, paras 103-108: MediShield Life Council to consider extending coverage to CTGTPs; only safe, clinically effective and cost-effective treatments.","","","""Third, the Council will consider expanding MediShield Life coverage to new groundbreaking treatments, specifically Cell, Tissue and Gene Therapy Products (CTGTPs)."" ""It could cost anything from a few hundred thousand dollars to a few million dollars, per treatment."" ""we will need to extend MediShield Life coverage only to treatments that are assessed to be safe, clinically effective and cost effective. In other words, if a treatment costs a few million dollars, with a small hope of curing a small group of people, it is not cost effective.""","MOH: Speech by Mr Ong Ye Kung at the MOH Committee of Supply Debate 2024, 6 Mar 2024","https://www.moh.gov.sg/newsroom/speech-by-mr-ong-ye-kung-minister-for-health-at-the-ministry-of-health-committee-of-supply-debate-2024-on-wednesday-6-march-2024/","2026-09-06","verified-from-source",""
"Singapore","system","policy-statement","2024-03-06","Senior Parliamentary Secretary Rahayu Mahzam","stated","MOH Committee of Supply 2024 speech, para 48, on SMA treatments including a CTGTP (reply to Ong Hua Han).","","","""there are a few treatments available currently, including drugs and a Cell, Tissue and Gene Therapy Product (CTGTP). We are reviewing the clinical and cost-effectiveness of these treatments and are engaging pharmaceutical companies to achieve reasonable prices. As Minister mentioned, the MediShield Life Council is considering extending coverage to eligible CTGTPs and studying the safeguards needed to ensure that any such extension is sustainable. In the interim, those who face concerns may apply for discretionary funding support through MediFund or the Rare Disease Fund.""","MOH: Speech by Mdm Rahayu Mahzam at the MOH Committee of Supply Debate 2024, 6 Mar 2024","https://www.moh.gov.sg/newsroom/speech-by-mdm-rahayu-mahzam-senior-parliamentary-secretary-ministry-of-health-at-the-ministry-of-health-committee-of-supply-debate-2024-on-wednesday-6-march-2024/","2026-09-06","verified-from-source","The CTGTP referred to is onasemnogene abeparvovec (Zolgensma), then under ACE evaluation (DAC July 2024)."
"Singapore","system","policy-statement","2024-10-15","Ministry of Health / MediShield Life Council","stated","Government accepts MediShield Life Council recommendations: expand coverage to CTGTPs assessed clinically effective and cost-effective; pilot financing framework; CTGTP coverage extension timed for October 2025.","","","""advances in medical technologies have resulted in new, potentially life-saving therapies, such as Cell, Tissue, and Gene Therapy Products (CTGTPs), which MediShield Life also does not cover."" ""Expand coverage to high-cost treatments that are clinically effective and cost-effective ... CTGTPs that have demonstrated the potential to treat cancers and serious diseases effectively."" ""While CTGTPs have the potential to transform healthcare and treat serious diseases, they have high upfront costs. Without financing support, patients may not be able to access these potentially effective treatments. However, such financing must also be designed in a sustainable manner given the high cost of CTGTPs and uncertainty around their longer-term effectiveness. Hence the Government has introduced a pilot financing framework to focus support only on CTGTPs that have been assessed to be both clinically effective and cost-effective.""","MOH press release: Government accepts MediShield Life Council's recommendations to enhance MediShield Life scheme, 15 Oct 2024","https://www.moh.gov.sg/newsroom/government-accepts-medishield-life-council-s-recommendations-to-enhance-medishield-life-scheme---government-support-more-than-offsets-premium-increases/","2026-09-06","verified-from-source",""
"Singapore","system","policy-statement","2025-11-04","Ministry of Health","stated","Parliamentary reply (Q799, Ms Mariam Jaafar) on children with rare diseases requiring high-cost treatment.","","","""The Ministry of Health (MOH) does not specifically track the number of children diagnosed with rare diseases."" ""MediSave and MediShield Life coverage is also available to further offset costs for selected high-cost drugs, and cell, tissue and gene therapies targeting rare diseases.""","MOH parliamentary reply: Support for children diagnosed with rare diseases that require high-cost or long-term treatment, 4 Nov 2025","https://www.moh.gov.sg/newsroom/support-for-children-diagnosed-with-rare-diseases-that-require-high-cost-or-long-term-treatment/","2026-09-06","verified-from-source",""
"Singapore","system","eligible-estimate","2025-08-08","ACTO Times (industry press)","stated","Press estimate of annual national demand for cell and gene therapy.","100","patients/year","""Singapore sees about 100 patients each year who require cell and gene therapy treatments""","THE ACTO TIMES: Current landscape of cell and gene therapy in Singapore, 8 Aug 2025","https://theactotimes.com/2025/08/08/current-landscape-of-cell-and-gene-therapy-in-singapore/","2026-09-06","provisional-from-snippet","Attribution of the estimate not given in the article; treat as pointer only."
"Singapore","CAR-T class","subsidy-listing","2024-08-01","Ministry of Health","subsidised","MOH CTGTP subsidy framework: means-tested subsidies at public healthcare institutions for CTGTPs on the MOH CTGTP List; Singapore Citizens 75%/60%/45% by PCHI band capped at $150,000/$120,000/$90,000; PRs 22.5% capped at $45,000 (lowest band only); table 'Effective as of 1 Oct 2024'; page last updated 26 Oct 2024.","150000","SGD","""Subsidies will be provided for CTGTPs that have been assessed to be clinically-proven and cost-effective, for specific indications, to eligible subsidised patients."" ""$0 <= PCHI <= $3,600: 75% - capped at $150,000 (SC); 22.5% - capped at $45,000 (PR)"" ""In exceptional deserving cases, subsidies may be extended upon appeal."" ""Subsidies will be automatically accorded based on your means-test status.""","MOH: Subsidies for Cell, Tissue and Gene Therapy at public healthcare institutions","https://www.moh.gov.sg/managing-expenses/schemes-and-subsidies/cell-tissue-and-gene-therapy/subs-cell-tissue-gene/","2026-09-06","verified-from-source","Start date 1 August 2024 per MOH press release 15 Oct 2024: 'Since 1 August 2024, eligible patients who require the use of CTGTPs that are included on MOH's CTGTP List have been able to receive means-tested subsidies of up to 75%, capped at $150,000 per treatment course'. CAR-T products are listed on the CTGTP List, not on the Cancer Drug List."
"Singapore","CAR-T class","insurance-coverage","2025-10","Ministry of Health / MediShield Life","covered","MediShield Life and MediSave coverage extended to CTGTPs on the MOH CTGTP List from October 2025 (announced 15 Oct 2024; reiterated ST 12 Sep 2025). Current benefits page (last updated 3 June 2026; for treatments on or after 1 June 2026): MSHL claim limit $141,000 per treatment and MediSave withdrawal limit $4,680 per treatment for tisagenlecleucel (Kymriah) and axicabtagene ciloleucel (Yescarta); CTGTP payouts not subject to the policy-year claim limit.","141000","SGD","""Tisagenlecleucel (Kymriah) ... $141,000 per treatment ... $4,680 per treatment""; ""Axicabtagene ciloleucel (Yescarta) ... $141,000 per treatment ... $4,680 per treatment""; ""Payout for CTGTPs will not be subject to the policy year claim limit.""","MOH: MediShield Life Benefits (High-cost Drug and CTGTPs)","https://www.moh.gov.sg/managing-expenses/schemes-and-subsidies/medishield-life/medishield-life-benefits/","2026-09-06","verified-from-source","Exact October 2025 start date and any earlier limit not found on MOH pages read; ST 12 Sep 2025: 'From October 2025, MediShield Life and MediSave coverage will be extended to listed CTGTPs'; MOH spokeswoman: 'no additional premium increases are needed to support the expansion of MediShield Life coverage to new CTGTPs'."
"Singapore","CAR-T class","price","2025-09-12","The Straits Times (republished by SGH)","stated","Reported Singapore list price of Kymriah and Yescarta.","481000","SGD","""Both are reportedly sold in Singapore at approximately US$375,000 (S$481,000) per treatment.""","The Straits Times, 12 Sep 2025: Second cell, tissue and gene therapy product for aggressive blood cancer now subsidised in Singapore (hosted on sgh.com.sg)","https://www.sgh.com.sg/news/patient-care/second-cell--tissue-and-gene-therapy-product-for-aggressive-bloo","2026-09-06","provisional-from-snippet","Press report; also Blood Cell Ther 2023 (PMC10937087): Singapore's two commercial CAR-T products 'approximately US$375,000'."
"Singapore","CAR-T class","price","2023-03-14","OncoTargets and Therapy (academic review, Singapore authors)","stated","Unit price assumption for commercial CAR-T in children/young adults with r/r ALL in Singapore.","500000","SGD","""at a unit price of S$500k for commercial CAR-T treatment for children and young adults with r/r ALL, it is a cost-effective treatment""","A Review of CAR-T Therapy in Pediatric and Young Adult B-Lineage Acute Leukemia: Clinical Perspectives in Singapore, OncoTargets Ther 2023 (PMC10024535)","https://pmc.ncbi.nlm.nih.gov/articles/PMC10024535/","2026-09-06","verified-from-source",""
"Singapore","CAR-T class","price","2024-09-04","BioPharma Boardroom (industry press)","stated","Press-reported unsubsidised Kymriah cost.","637000","SGD","""Up to US$475,000 (S$637,000) without subsidies""; MOH spokesperson quoted: ""We aim to balance patient affordability with sustainable healthcare financing""","BioPharma Boardroom: Singapore Launches Subsidy Program for Pioneering Cell, Tissue, and Gene Therapies, 4 Sep 2024","https://www.biopharmaboardroom.com/news/45/2222/singapore-launches-subsidy-program-for-pioneering-cell-tissue-and-gene-therapies.html","2026-09-06","provisional-from-snippet",""
"Singapore","CAR-T class","patient-count","2024","EBMT activity survey 2024 (Singapore General Hospital, CIC 434)","stated","Singapore row in the 2024 EBMT activity survey supplementary appendix: one reporting centre (SGH, adults); 91 first HCT (96 total; 55 allo/36 auto); 12 CAR-T patients (0 paediatric/12 adult).","12","patients","""Singapore: (1 centres: 91 (96) 55/36), (12 (12) 0/12)"" ""Singapore, Singapore General Hospital, ads, CIC 434, A. Ho (91 (96) 55/36), (12 (12) 0/12)""","The 2024 EBMT activity report, Bone Marrow Transplantation 2026 (s41409-026-02919-9), Supplementary appendix MOESM3, p.17","https://media.springernature.com/original/springer-static/esm/art%3A10.1038%2Fs41409-026-02919-9/MediaObjects/41409_2026_2919_MOESM3_ESM.pdf","2026-09-06","verified-from-source","Only SGH reports to EBMT; NUH/NCIS and KKH CAR-T activity is not captured in this count."
"Singapore","CAR-T class","delivery-site","2021-03-09","Singapore General Hospital","started","SGH was the first operational Kymriah treatment centre in Southeast Asia at HSA approval; NUH in discussion at that time.","","","""The treatment is available in Singapore General Hospital for adult relapsed/refractory (r/r) DLBCL patients and young adult r/r B-cell ALL patients""; ""discussions were ongoing for the National University Hospital""","Novartis Singapore media release, 9 Mar 2021","https://www.novartis.com/sg-en/news/media-releases/novartis-receives-approval-kymriah-tisagenlecleucel-health-sciences-authority-singapores-first-commercially-approved-car-t-therapy","2026-09-06","verified-from-source",""
"Singapore","CAR-T class","delivery-site","2022-08-31","Singapore General Hospital","started","First commercial CAR-T patient in Singapore treated at SGH (Mr Tan Chee Mun); programme set up by Asst Prof Francesca Lim; infusion date not given.","","","""SGH's and Singapore's first patient to receive commercial CAR T-cell therapy""; ""So far, only a handful of patients have been treated with compassionate academic CARs, clinical trials and commercial CAR products.""","SingHealth Singapore Health: The face of CAR T-cell therapy, 31 Aug 2022","https://www.singhealth.com.sg/news/singapore-health/the-face-of-car-t-cell-therapy","2026-09-06","verified-from-source",""
"Singapore","CAR-T class","delivery-site","2019","National University Hospital / NCIS","started","NUH first administered its in-house fratricide-resistant CD7 CAR-T for T-ALL in 2019 (first patient a 10-year-old Vietnamese boy); 17 patients treated April 2019 to October 2023; 16 of 17 achieved MRD-negative complete remission; NUH offers CD19, CD22 and CD7 CAR-T cells.","17","patients","""This treatment was first administered in 2019 to Viet Tai, a 10-year-old Vietnamese boy."" ""Of 17 evaluable patients, 16 achieved MRD-negative complete remission within one month""","NUH: CAR T-cell therapy for T-acute lymphoblastic leukaemia (programme page); NUH newsroom 'Promising cell therapy', 5 Oct 2024","https://www.nuh.com.sg/care-at-nuh/our-leading-edge-programmes/chimeric-antigen-receptor-(car)-t-cell-therapy-for-t-acute-lymphoblastic-leukaemia","2026-09-06","verified-from-source","Academic (non-commercial) CAR-T; Nature Medicine paper 3 Sep 2024. Whether NUH manufactures on site is not stated on the page. NUHS 23 Mar 2023 release: 'For close to a decade, NCIS has been offering cell therapy to adult and paediatric patients though the NCIS cell therapy programme'."
"Singapore","CAR-T class","delivery-site","2023-03-23","National University Cancer Institute Singapore / CytoMed","started","HSA-approved (January 2023) phase 1 trial at NCIS of locally developed allogeneic gamma-delta CAR-T (CytoMed Therapeutics), donor recruitment at NUH from April 2023; six advanced cancer types; patients at least 21.","","","""The phase 1 clinical trial was approved by the Health Sciences Authority in January."" ""this is the first locally designed trial that uses an allogeneic method to modify cells to fight cancer.""","NUHS media release: Novel CAR-T cell therapy developed in Singapore begins clinical trial in NCIS, 23 Mar 2023","https://www.nuhs.edu.sg/docs/nuhslibraries/content-document/research/media-release-novel-car-t-cell-therapy.pdf?sfvrsn=3b35a760_1","2026-09-06","verified-from-source",""
"Singapore","CAR-T class","delivery-site","2022-03-15","KK Women's and Children's Hospital / Singapore General Hospital","started","Point-of-care manufactured CD19 CAR-T feasibility study SHCELL18P1 (NCT05648019), sponsor KKH, collaborator SGH; sites KKH (PI Shui Yen Soh) and SGH (PI Aloysius Ho); actual start 15 Mar 2022; estimated enrolment 40; status recruiting (verified 2023-03).","40","planned patients","""The purpose of this study is to describe feasibility of delivering point-of-care manufactured CD19-directed CAR T-cell therapy to patients with relapsed/ refractory B-lineage leukaemia/ lymphoma.""","ClinicalTrials.gov NCT05648019 (API v2)","https://clinicaltrials.gov/study/NCT05648019","2026-09-06","verified-from-source","No KKH commercial CAR-T (Kymriah) delivery statement found on kkh.com.sg."
"Singapore","CAR-T class","delivery-site","2025-09-12","Singapore General Hospital","started","SGH had three patients scheduled for Yescarta at the time of CTGTP listing.","3","patients","""Singapore General Hospital (SGH) currently has three cancer patients scheduled to be treated with Yescarta."" Dr Chen Yunxin: ""Approval of this drug allows this group of patients to have the best chance of survival.""","The Straits Times via SGH, 12 Sep 2025","https://www.sgh.com.sg/news/patient-care/second-cell--tissue-and-gene-therapy-product-for-aggressive-bloo","2026-09-06","provisional-from-snippet",""
"Singapore","system","delivery-site","2020-04-20","Advanced Cell Therapy and Research Institute Singapore (ACTRIS)","started","ACTRIS established 20 April 2020 as national cell and gene therapy manufacturing centre (business unit under the Consortium for Clinical Research and Innovation Singapore), consolidating NUH and HSA cell therapy facilities; located within NCCS; launched 4 Aug 2023.","","","ACTRIS: ""was established on 20 April 2020 to meet the increasing demand of cellular therapy""; ""located within National Cancer Center, Singapore (NCCS)""; MOH speech: ""the national centre for development and production of cell and gene therapy""; ACTRIS aims to ""significantly shorten production times and lower costs.""","ACTRIS website; MOH speech 4 Aug 2023","https://www.actris.sg/","2026-09-06","verified-from-source","ACTO Times (press, 8 Aug 2025): facility '14 Good Manufacturing Practice-compliant (GMP) clean suites, four translational laboratories, and one quality control laboratory' over 2,000 sq m, opened August 2023. Predecessor: HSA Cell Therapy Facility expansion announced 27 Jul 2009 (https://www.hsa.gov.sg/announcements/hsa-builds-cell-therapy-facility-to-expand-pioneering-work-on-novel-cell-based-therapies-to-treat-cancers-and-other-diseases/)."
"Singapore","system","delivery-site","","National Cancer Centre Singapore","stated","NCCS: no NCCS-specific CAR-T delivery statement or patient count found on nccs.com.sg; NCCS hosts ACTRIS and is paired with SGH in press descriptions of the SGH CAR-T service.","","","","Search summary (CancerFax / press): 'Singapore General Hospital (SGH), working with the National Cancer Center Singapore ... established centers for CD19-directed CAR-T products'","https://cancerfax.com/treatments/car-t-cell-therapy-in-singapore","2026-09-06","provisional-from-snippet",""
"Singapore","Kymriah","regulatory-registration","2021-03-09","Health Sciences Authority","registered","HSA approval of Kymriah (tisagenlecleucel) as Singapore's first commercial CAR-T: paediatric/young adult (2-25) r/r B-cell ALL and adult r/r DLBCL after two or more lines.","","","""Novartis receives approval for Kymriah (tisagenlecleucel) by Health Sciences Authority as Singapore's first commercially approved CAR-T therapy"" (release dated March 9, 2021)","Novartis Singapore media release, 9 Mar 2021","https://www.novartis.com/sg-en/news/media-releases/novartis-receives-approval-kymriah-tisagenlecleucel-health-sciences-authority-singapores-first-commercially-approved-car-t-therapy","2026-09-06","verified-from-source","Sponsor release; HSA register date not directly readable (HSA's public CTGTP register is the 'Cell, Tissue and Gene Therapy Products (CTGTP) Database' at https://share.hsa.gov.sg/mop/approvedproducts (Notified Class 1 and Registered Class 2 CTGTP Search)). Gilead/BioPharma APAC: 'Singapore became the first Southeast Asian country to approve CAR T-cell therapy in 2021'."
"Singapore","Kymriah","hta-guidance","2024-08-01","MOH Drug Advisory Committee / ACE","recommended","Tisagenlecleucel for r/r B-cell ALL, ages 2-25: recommended for the MOH CTGTP List from 1 Aug 2024 (DAC March 2024 meeting); budget impact under SG$1 million per year; about three eligible patients per year.","1000000","SGD (annual cost impact, upper bound)","""Approximately three paediatric and young adult patients are diagnosed with relapsed or refractory ALL each year in Singapore."" ""Based on the revised budget impact model, the annual cost impact to the public healthcare system was estimated to be less than SG$1 million"" ""Given the clinical need, acceptable clinical effectiveness compared with current treatment options, and that tisagenlecleucel is considered to be an acceptable use of healthcare resources, the Committee recommended tisagenlecleucel cells dispersion for infusion, to be included on the MOH CTGTP List""","ACE Technology Guidance: Tisagenlecleucel for relapsed or refractory B-cell acute lymphoblastic leukaemia, published 1 Aug 2024","https://www.ace-hta.gov.sg/healthcare-professionals/ace-technology-guidance/drug-guidance/tisagenlecleucel-for-relapsed-or-refractory-b-cell-acute-lymphoblastic-leukaemia/","2026-09-06","verified-from-source","Guidance PDF: https://isomer-user-content.by.gov.sg/68/d7286a26-4d64-4a05-ad26-3727233e51d1/tisagenlecleucel-for-relapsed-or-refractory-b-cell-acute-lymphoblastic-leukaemia-(1-aug-24).pdf . Committee: 'tisagenlecleucel was superior in terms of effectiveness compared with blinatumomab and salvage chemotherapy but the magnitude of the treatment effect remained uncertain'."
"Singapore","Kymriah","hta-guidance","2024-08-01","MOH Drug Advisory Committee / ACE","recommended","Tisagenlecleucel for adult r/r DLBCL after two or more lines: recommended for the MOH CTGTP List from 1 Aug 2024 (DAC March 2024); budget impact SG$3-5m year 1 to SG$5-10m year 5.","","SGD","""Approximately 300 patients are diagnosed with DLBCL each year in Singapore. Although many patients can be cured with first-line multi-agent immunochemotherapy, 30-40% experience relapse or have primary refractory disease"" ""the annual cost impact to the public healthcare system was estimated to be between SG$3 million and SG$5 million in the first year to between SG$5 million and SG$10 million in the fifth year"" ""the Committee concluded that tisagenlecleucel was superior in terms of effectiveness compared with salvage chemotherapy but the magnitude of the treatment effect remained uncertain. In terms of safety, the Committee considered tisagenlecleucel to be inferior to salvage chemotherapy.""","ACE Technology Guidance: Tisagenlecleucel for relapsed or refractory DLBCL after two or more lines of systemic therapy, published 1 Aug 2024","https://www.ace-hta.gov.sg/healthcare-professionals/ace-technology-guidance/drug-guidance/tisagenlecleucel-for-relapsed-or-refractory-diffuse-large-b-cell-lymphoma-after-two-or-more-lines-of-systemic-therapy/","2026-09-06","verified-from-source","Guidance PDF: https://isomer-user-content.by.gov.sg/68/0be2d3ca-8012-469e-831f-1406870af7b4/tisagenlecleucel-for-relapsed-or-refractory-dlbcl-after-two-or-more-lines-of-systemic-therapy-(1-aug-24).pdf"
"Singapore","Kymriah","subsidy-listing","2024-08-01","Ministry of Health","subsidised","First product on the MOH CTGTP List (r/r B-cell ALL ages 2-25; r/r DLBCL age 18+), means-tested subsidy up to 75% capped at $150,000 per treatment course.","150000","SGD","""The first CTGTP to be listed on the Ministry of Health's (MOH) CTGTP list is tisagenlecleucel (Kymriah), for the treatment of relapsed/refractory B-cell acute lymphoblastic leukaemia, and relapsed/refractory diffuse large B-cell lymphoma. Over time, more CTGTPs will be added to the list.""","MOH press release 15 Oct 2024; MOH CTGTP List (as of 1 Aug 2025)","https://www.moh.gov.sg/managing-expenses/schemes-and-subsidies/cell-tissue-and-gene-therapy/product-list-cell-tissue-gene/","2026-09-06","verified-from-source",""
"Singapore","Kymriah","insurance-coverage","2025-10","MediShield Life","covered","MediShield Life claim limit $141,000 per treatment; MediSave withdrawal limit $4,680 per treatment (benefits page last updated 3 June 2026).","141000","SGD","""Tisagenlecleucel (Kymriah) ... $141,000 per treatment ... $4,680 per treatment""","MOH: MediShield Life Benefits","https://www.moh.gov.sg/managing-expenses/schemes-and-subsidies/medishield-life/medishield-life-benefits/","2026-09-06","verified-from-source",""
"Singapore","Kymriah","price","2025-09-12","The Straits Times via SGH","stated","Reported price per treatment.","481000","SGD","""Both are reportedly sold in Singapore at approximately US$375,000 (S$481,000) per treatment.""","The Straits Times, 12 Sep 2025","https://www.sgh.com.sg/news/patient-care/second-cell--tissue-and-gene-therapy-product-for-aggressive-bloo","2026-09-06","provisional-from-snippet",""
"Singapore","Yescarta","regulatory-registration","2023-03","Health Sciences Authority","registered","HSA marketing authorisation for Yescarta (axicabtagene ciloleucel) for adult r/r LBCL after two or more lines, reported as March 2023.","","","""March 2023: HSA granted marketing authorization for Yescarta (axicabtagene ciloleucel)"" (article summary)","BioPharma APAC: Gilead Sciences Singapore discusses access and affordability of CAR T-cell therapy, 19 Jun 2023","https://biopharmaapac.com/news/68/3266/gilead-sciences-singapore-discusses-access-and-affordability-of-car-t-cell-therapy-in-singapore-and-beyond.html","2026-09-06","provisional-from-snippet","Press; listed among five approved Class 2 CTGTPs as of April 2024 (Regen Ther 2025). HSA register date not retrievable."
"Singapore","Yescarta","hta-guidance","2024-09-13","MOH Drug Advisory Committee / ACE","not recommended","Axicabtagene for r/r LBCL after two or more lines (3L) and for 2L transplant-intended DLBCL/HGBCL: DAC July 2024 meeting recommended against listing on pricing grounds (company-led submission).","","","""Based on the evidence submitted, the Committee recommended not including axicabtagene on the MOH CTGTP List for relapsed or refractory DLBCL after two or more lines of systemic therapy. The decision was based on unacceptable pricing proposal by the company."" ""the proposed price of axicabtagene was higher than tisagenlecleucel on a per infusion basis. Hence, the Committee agreed that further price reduction is needed to improve the cost effectiveness of axicabtagene to an acceptable range.""","ACE Technology Guidance: Axicabtagene ciloleucel for r/r LBCL after two or more lines (first published 13 Sep 2024; updated 4 Jun 2025), paras 4.x and 6.1","https://www.ace-hta.gov.sg/healthcare-professionals/ace-technology-guidance/drug-guidance/axicabtagene-ciloleucel--for-relapsed-or-refractory-large-b-cell-lymphoma-after-two-or-more-lines-of-systemic-therapy/","2026-09-06","verified-from-source","Web page shows publication date 13 September 2024, last updated 4 June 2025. Same July 2024 negative recommendation for 2L: 'The decision was based on the unacceptable pricing proposal by the company.'"
"Singapore","Yescarta","hta-guidance","2025-02-17","MOH Drug Advisory Committee / ACE","recommended","Axicabtagene 2L (DLBCL/HGBCL relapsing within 12 months of or refractory to first-line chemoimmunotherapy, intended for transplant): updated recommendation November 2024 after revised price proposal; listing from 1 April 2025; budget impact SG$5-10m year 1 to >SG$10m year 5.","","SGD","""Following a negative recommendation based on an unacceptable pricing proposal at the July 2024 meeting, the company of axicabtagene submitted a revised proposal. The Committee noted that the revised proposal resulted in improved cost effectiveness and was adequate to provide budget certainty for MOH."" ""the annual cost impact to the public healthcare system would increase from between SG$5 million and SG$10 million in the first year, to more than SG$10 million in the fifth year""","ACE Technology Guidance: Axicabtagene ciloleucel for second-line relapsed or refractory large B-cell lymphoma, published 17 Feb 2025","https://www.ace-hta.gov.sg/healthcare-professionals/ace-technology-guidance/drug-guidance/axicabtagene-ciloleucel--for-second-line-relapsed-or-refractory-large-b-cell-lymphoma/","2026-09-06","verified-from-source","Guidance PDF: https://isomer-user-content.by.gov.sg/68/0fb2f952-d83c-4309-9548-aeb6c3f04e14/axicabtagene-ciloleucel-for-second-line-relapsed-or-refractory-large-b-cell-lymphoma-(updated-17-feb-2025).pdf"
"Singapore","Yescarta","hta-guidance","2025-06-04","MOH Drug Advisory Committee / ACE","recommended","Axicabtagene 3L (r/r LBCL after two or more lines incl. DLBCL, PMBCL, HGBCL, DLBCL from FL): updated recommendation November 2024; listing from 1 August 2025; budget impact SG$1-3m year 1 to SG$5-10m year 5.","","SGD","""Therefore, the Committee recommended axicabtagene ciloleucel suspension for intravenous infusion to be included on the MOH CTGTP List, for treating patients with relapsed or refractory large B-cell lymphoma after two or more lines of systemic therapy"" ""the annual cost impact to the public healthcare system would increase from between SG$1 million and SG$3 million in the first year, to between SG$5 million and SG$10 million in the fifth year""","ACE Technology Guidance: Axicabtagene ciloleucel for r/r LBCL after two or more lines of systemic therapy, published 4 Jun 2025","https://www.ace-hta.gov.sg/healthcare-professionals/ace-technology-guidance/drug-guidance/axicabtagene-ciloleucel--for-relapsed-or-refractory-large-b-cell-lymphoma-after-two-or-more-lines-of-systemic-therapy/","2026-09-06","verified-from-source","Guidance PDF: https://isomer-user-content.by.gov.sg/68/c7a1c654-5f1c-4902-8eff-bed94ef388c0/Axicabtagene%20ciloleucel%20for%20relapsed%20or%20refractory%20large%20B-cell%20lymphoma%20after%20two%20or%20more%20lines%20of%20systemic%20therapy%20(Updated%204%20Jun%202025).pdf"
"Singapore","Yescarta","subsidy-listing","2025-04-01","Ministry of Health","subsidised","Added to MOH CTGTP List for 2L DLBCL/HGBCL (transplant-intended) from 1 April 2025; means-tested subsidy up to 75% capped at $150,000.","150000","SGD","""Axicabtagene ciloleucel suspension for intravenous infusion is recommended for inclusion on the MOH Cell, Tissue and Gene Therapy Product (CTGTP) List for the abovementioned indication from 1 April 2025.""","ACE guidance 17 Feb 2025; MOH CTGTP List (as of 1 Aug 2025)","https://www.moh.gov.sg/managing-expenses/schemes-and-subsidies/cell-tissue-and-gene-therapy/product-list-cell-tissue-gene/","2026-09-06","verified-from-source",""
"Singapore","Yescarta","subsidy-listing","2025-08-01","Ministry of Health","subsidised","Added to MOH CTGTP List for 3L r/r LBCL from 1 August 2025 after a price reduction; MOH list page last updated 1 Aug 2025.","150000","SGD","""the Ministry of Health (MOH) confirmed that it has added Yescarta to its Cell, Tissue and Gene Therapy Product (CTGTP) List for specific clinical uses. This comes after a price reduction by the drug manufacturer."" ""At its July 2024 meeting, the MOH Drug Advisory Committee had recommended not to list Yescarta due to an 'unacceptable pricing proposal'.""","ACE guidance 4 Jun 2025; MOH CTGTP List; The Straits Times 12 Sep 2025 via SGH","https://www.moh.gov.sg/managing-expenses/schemes-and-subsidies/cell-tissue-and-gene-therapy/product-list-cell-tissue-gene/","2026-09-06","verified-from-source",""
"Singapore","Yescarta","insurance-coverage","2025-10","MediShield Life","covered","MediShield Life claim limit $141,000 per treatment; MediSave withdrawal limit $4,680 per treatment.","141000","SGD","""Axicabtagene ciloleucel (Yescarta) ... $141,000 per treatment ... $4,680 per treatment""","MOH: MediShield Life Benefits","https://www.moh.gov.sg/managing-expenses/schemes-and-subsidies/medishield-life/medishield-life-benefits/","2026-09-06","verified-from-source",""
"Singapore","Yescarta","eligible-estimate","2025-09-12","Ministry of Health (via The Straits Times)","stated","MOH estimate of patients who may benefit from Yescarta each year; budget impact figures submitted by manufacturer.","20-30","patients/year","""Approximately 300 patients here are diagnosed with diffuse LBCL each year. MOH estimates that each year, 20 to 30 patients may benefit from Yescarta."" ""the impact to the public healthcare system of including Yescarta on the list could be up to $13 million in the first year, and possibly more than $20 million each year by its fifth year of inclusion.""","The Straits Times, 12 Sep 2025 via SGH","https://www.sgh.com.sg/news/patient-care/second-cell--tissue-and-gene-therapy-product-for-aggressive-bloo","2026-09-06","provisional-from-snippet",""
"Singapore","Yescarta","price","2025-09-12","The Straits Times via SGH","stated","Reported price per treatment.","481000","SGD","""Both are reportedly sold in Singapore at approximately US$375,000 (S$481,000) per treatment.""","The Straits Times, 12 Sep 2025","https://www.sgh.com.sg/news/patient-care/second-cell--tissue-and-gene-therapy-product-for-aggressive-bloo","2026-09-06","provisional-from-snippet",""
"Singapore","Zolgensma","regulatory-registration","","Health Sciences Authority","registered","Onasemnogene abeparvovec is HSA-registered: listed among five approved Class 2 CTGTPs as of April 2024 (Regen Ther 2025); ACE evaluated it 'in line with its registered indication' (2025). On 22 March 2023 MOH told Parliament risdiplam was the only HSA-registered SMA treatment, so registration falls between March 2023 and July 2024 (first DAC meeting). Exact date not retrievable.","","","MOH 22 Mar 2023: ""Risdiplam is the only treatment option registered with and approved by HSA."" ACE 16 Sep 2025: ""Clinical and economic evidence for onasemnogene abeparvovec was considered in line with its registered indication."" Mothership 24 Mar 2026: Zolgensma has been ""fully approved by the Health Sciences Authority (HSA)""","Regen Ther 2025 (PMC12019077); ACE guidance 16 Sep 2025; MOH reply 22 Mar 2023","https://pmc.ncbi.nlm.nih.gov/articles/PMC12019077/","2026-09-06","provisional-from-snippet","HSA's public CTGTP register is the 'Cell, Tissue and Gene Therapy Products (CTGTP) Database' at https://share.hsa.gov.sg/mop/approvedproducts (Notified Class 1 and Registered Class 2 CTGTP Search); it is a client-side Svelte app whose data endpoint could not be reached with curl/WebFetch (page shell only), so HSA listing dates could not be read directly."
"Singapore","Zolgensma","hta-guidance","2025-09-16","MOH Drug Advisory Committee / Health Technology Advisory Council / ACE","not recommended","Not recommended for the MOH CTGTP List (SMA, children under 2 with Type 1 SMA or up to three SMN2 copies); DAC July 2024 and March 2025, HTAC May 2025; cost-minimisation against risdiplam; about three babies born with SMA per year; cost impact SG$5-10m per year for three patients per year.","","SGD","""This is because the current available evidence is insufficient to show that onasemnogene abeparvovec provides superior long-term efficacy compared to risdiplam, the subsidised disease-modifying treatment for SMA. Given the current uncertainty in its superiority to risdiplam and its higher treatment cost, it is deemed that the cost-effectiveness of onasemnogene abeparvovec is unfavourable when compared to risdiplam at this time."" ""The CMA results showed that, at the price proposed by the company, onasemnogene abeparvovec had a higher treatment cost than risdiplam."" ""the price-volume agreement (PVA) proposed by the company for onasemnogene abeparvovec was inadequate to manage the uncertainty of the overall budget impact."" ""the cost impact to the public healthcare system was estimated to be between SG$5 million and SG$10 million per year in the first five years of including onasemnogene abeparvovec on the MOH Cell, Tissue and Gene Therapy Product (CTGTP) List for the treatment of SMA, benefitting three patients each year.""","ACE Technology Guidance: Onasemnogene abeparvovec for treating spinal muscular atrophy, published 16 Sep 2025","https://www.ace-hta.gov.sg/healthcare-professionals/ace-technology-guidance/drug-guidance/onasemnogene-abeparvovec-for-treating-spinal-muscular-atrophy/","2026-09-06","verified-from-source","Guidance PDF: https://isomer-user-content.by.gov.sg/68/a59e2e11-0bb7-4d24-bca5-134fa2a9b32f/Guidance_Onasemnogene%20abeparvovec%20for%20treating%20spinal%20muscular%20atrophy%20(16%20Sep%202025).pdf . HTAC: 'onasemnogene abeparvovec offered meaningful treatment benefit for children with SMA compared to the natural history of the disease. However, they had concerns that the long-term efficacy of onasemnogene abeparvovec was uncertain'. Plain English summary: 'If your child needs onasemnogene abeparvovec for this condition, you can speak to a medical social worker to find out if there is financial assistance available'."
"Singapore","Zolgensma","eligible-estimate","2025-09-16","ACE","stated","Local incidence and expected treated numbers.","3","patients/year","""In Singapore, about three babies are born with SMA each year.""","ACE Technology Guidance: Onasemnogene abeparvovec, 16 Sep 2025, para 2.1","https://www.ace-hta.gov.sg/healthcare-professionals/ace-technology-guidance/drug-guidance/onasemnogene-abeparvovec-for-treating-spinal-muscular-atrophy/","2026-09-06","verified-from-source","MOH 22 Mar 2023: 'about 40 to 50 persons in Singapore diagnosed with Spinal Muscular Atrophy (SMA)'; risdiplam 'costs around $375,000 a year in our public healthcare institutions'."
"Singapore","Zolgensma","price","2026-03-24","Mothership (press, quoting MOH spokesperson)","stated","Reported price of Zolgensma in Singapore and MOH position on coverage; about two to three new SMA cases annually; two families crowdfunding S$2.4 million each.","2400000","SGD","MOH: ""it is not cost-effective compared to Risdiplam. This means that the additional cost is not worth any marginal benefits.""; Zolgensma is ""not eligible for subsidies, MediShield Life and MediSave coverage""","Mothership.sg, 24 Mar 2026: 2 S'porean couples are seeking a S$2.4 million cure for their babies","https://mothership.sg/2026/03/babies-million-dollar-treatment-why/","2026-09-06","provisional-from-snippet","Press pointer; The Online Citizen 22 Mar 2026 also reports S$2.4 million raised for one baby (fetch blocked, 403)."
"Singapore","Zolgensma","subsidy-listing","2024-03-06","Ministry of Health","not recommended","No Rare Disease Fund listing or MOH subsidy found for Zolgensma; MOH COS 2024 reply says a CTGTP for SMA was under clinical and cost-effectiveness review and interim support is discretionary (MediFund / Rare Disease Fund).","","","""In the interim, those who face concerns may apply for discretionary funding support through MediFund or the Rare Disease Fund.""","MOH COS 2024, Rahayu Mahzam speech para 48","https://www.moh.gov.sg/newsroom/speech-by-mdm-rahayu-mahzam-senior-parliamentary-secretary-ministry-of-health-at-the-ministry-of-health-committee-of-supply-debate-2024-on-wednesday-6-march-2024/","2026-09-06","verified-from-source","Risdiplam (comparator) subsidised via Medication Assistance Fund from 1 Aug 2024 (MOH reply 2 Jul 2024, https://www.moh.gov.sg/newsroom/subsidy-listing-of-risdiplam/) and on MediShield Life ($7,400 per month claim limit)."
"Singapore","Luxturna","regulatory-registration","","Health Sciences Authority","registered","Voretigene neparvovec listed among the five Class 2 CTGTPs approved in Singapore as of April 2024; registration date not retrievable.","","","""Five Class 2 CTGTPs"" approved as of April 2024: ""Kymriah, Luxturna, Yescarta, Zolgensma, and SpheChon"" (as summarised from the report)","Regen Ther 2025 (PMC12019077)","https://pmc.ncbi.nlm.nih.gov/articles/PMC12019077/","2026-09-06","provisional-from-snippet","HSA's public CTGTP register is the 'Cell, Tissue and Gene Therapy Products (CTGTP) Database' at https://share.hsa.gov.sg/mop/approvedproducts (Notified Class 1 and Registered Class 2 CTGTP Search); it is a client-side Svelte app whose data endpoint could not be reached with curl/WebFetch (page shell only), so HSA listing dates could not be read directly. No ACE guidance, MOH CTGTP List entry, MediShield Life entry or Rare Disease Fund listing found for Luxturna."
"Singapore","Luxturna","not-found","","Ministry of Health / ACE","not-found","No funding, HTA, price or delivery record for voretigene neparvovec found on moh.gov.sg, ace-hta.gov.sg (sitemap grep), or hospital sites.","","","","ACE sitemap; MOH CTGTP List; MOH MediShield Life Benefits","https://www.ace-hta.gov.sg/sitemap.xml","2026-09-06","not-found",""
"Singapore","Elevidys","special-access","2025-03-24","Health Sciences Authority","stated","Elevidys (delandistrogene moxeparvovec) is unregistered in Singapore but supplied locally under HSA's Special Access Route; HSA safety advisory after a US fatal acute liver failure case. Local patient numbers not stated.","","","""Elevidys is not registered in Singapore but is available locally for patients under HSA's Special Access Route.""","HSA announcement: Elevidys (delandistrogene moxeparvovec) - acute liver failure following Elevidys treatment, 24 Mar 2025","https://www.hsa.gov.sg/announcements/elevidys---delandistrogene-moxeparvovec---acute-liver-failure-following-elevidys--treatment/","2026-09-06","verified-from-source","Follow-up HSA announcement 23 Jun 2025 (discontinuation of dosing in non-ambulatory patients): https://www.hsa.gov.sg/announcements/elevidys---delandistrogene-moxeparvovec---discontinuation-of-dosing-in-non-ambulatory-patients-following-a-second-overseas-case-of-fatal-acute-liver-failure/"
"Singapore","Carvykti","regulatory-registration","","Health Sciences Authority","stated","Search-engine summary of a 2025 Cytotherapy review states Carvykti is among imported CGTs available in Singapore; not among the five Class 2 CTGTPs listed as approved as of April 2024; registration status and date unverified (article blocked, HTTP 403).","","","""imported CGTs, including KYMRIAH, Carvykti and AAV-based products such as ZOLGENSMA and LUXTURNA are available in Singapore"" (search snippet)","Cell and gene therapy approvals in Asia: regulatory landscape, access and affordability, Cytotherapy 2025 (S1465-3249(25)00810-2)","https://www.isct-cytotherapy.org/article/S1465-3249(25)00810-2/fulltext","2026-09-06","provisional-from-snippet","Both fulltext and PDF URLs returned 403 to WebFetch and curl; Europe PMC shows no open-access version (PMID 41015945). HSA's public CTGTP register is the 'Cell, Tissue and Gene Therapy Products (CTGTP) Database' at https://share.hsa.gov.sg/mop/approvedproducts (Notified Class 1 and Registered Class 2 CTGTP Search); it is a client-side Svelte app whose data endpoint could not be reached with curl/WebFetch (page shell only), so HSA listing dates could not be read directly."
"Singapore","Abecma","not-found","","HSA / MOH / ACE","not-found","No Singapore record found: not on MOH CTGTP List (as of 1 Aug 2025), no ACE technology guidance (ACE sitemap grep for CGT names), no MediShield Life CTGTP entry, no HSA announcement, not among the five Class 2 CTGTPs reported approved as of April 2024, and no hospital or parliamentary mention located.","","","","MOH CTGTP List; ACE sitemap; HSA sitemap and announcements; Regen Ther 2025 (PMC12019077)","https://www.moh.gov.sg/managing-expenses/schemes-and-subsidies/cell-tissue-and-gene-therapy/product-list-cell-tissue-gene/","2026-09-06","not-found","HSA's public CTGTP register is the 'Cell, Tissue and Gene Therapy Products (CTGTP) Database' at https://share.hsa.gov.sg/mop/approvedproducts (Notified Class 1 and Registered Class 2 CTGTP Search); it is a client-side Svelte app whose data endpoint could not be reached with curl/WebFetch (page shell only), so HSA listing dates could not be read directly."
"Singapore","Adstiladrin","not-found","","HSA / MOH / ACE","not-found","No Singapore record found: not on MOH CTGTP List (as of 1 Aug 2025), no ACE technology guidance (ACE sitemap grep for CGT names), no MediShield Life CTGTP entry, no HSA announcement, not among the five Class 2 CTGTPs reported approved as of April 2024, and no hospital or parliamentary mention located.","","","","MOH CTGTP List; ACE sitemap; HSA sitemap and announcements; Regen Ther 2025 (PMC12019077)","https://www.moh.gov.sg/managing-expenses/schemes-and-subsidies/cell-tissue-and-gene-therapy/product-list-cell-tissue-gene/","2026-09-06","not-found","HSA's public CTGTP register is the 'Cell, Tissue and Gene Therapy Products (CTGTP) Database' at https://share.hsa.gov.sg/mop/approvedproducts (Notified Class 1 and Registered Class 2 CTGTP Search); it is a client-side Svelte app whose data endpoint could not be reached with curl/WebFetch (page shell only), so HSA listing dates could not be read directly."
"Singapore","Amtagvi","not-found","","HSA / MOH / ACE","not-found","No Singapore record found: not on MOH CTGTP List (as of 1 Aug 2025), no ACE technology guidance (ACE sitemap grep for CGT names), no MediShield Life CTGTP entry, no HSA announcement, not among the five Class 2 CTGTPs reported approved as of April 2024, and no hospital or parliamentary mention located.","","","","MOH CTGTP List; ACE sitemap; HSA sitemap and announcements; Regen Ther 2025 (PMC12019077)","https://www.moh.gov.sg/managing-expenses/schemes-and-subsidies/cell-tissue-and-gene-therapy/product-list-cell-tissue-gene/","2026-09-06","not-found","HSA's public CTGTP register is the 'Cell, Tissue and Gene Therapy Products (CTGTP) Database' at https://share.hsa.gov.sg/mop/approvedproducts (Notified Class 1 and Registered Class 2 CTGTP Search); it is a client-side Svelte app whose data endpoint could not be reached with curl/WebFetch (page shell only), so HSA listing dates could not be read directly."
"Singapore","Aucatzyl","not-found","","HSA / MOH / ACE","not-found","No Singapore record found: not on MOH CTGTP List (as of 1 Aug 2025), no ACE technology guidance (ACE sitemap grep for CGT names), no MediShield Life CTGTP entry, no HSA announcement, not among the five Class 2 CTGTPs reported approved as of April 2024, and no hospital or parliamentary mention located.","","","","MOH CTGTP List; ACE sitemap; HSA sitemap and announcements; Regen Ther 2025 (PMC12019077)","https://www.moh.gov.sg/managing-expenses/schemes-and-subsidies/cell-tissue-and-gene-therapy/product-list-cell-tissue-gene/","2026-09-06","not-found","HSA's public CTGTP register is the 'Cell, Tissue and Gene Therapy Products (CTGTP) Database' at https://share.hsa.gov.sg/mop/approvedproducts (Notified Class 1 and Registered Class 2 CTGTP Search); it is a client-side Svelte app whose data endpoint could not be reached with curl/WebFetch (page shell only), so HSA listing dates could not be read directly."
"Singapore","Beqvez / Durveqtix","not-found","","HSA / MOH / ACE","not-found","No Singapore record found: not on MOH CTGTP List (as of 1 Aug 2025), no ACE technology guidance (ACE sitemap grep for CGT names), no MediShield Life CTGTP entry, no HSA announcement, not among the five Class 2 CTGTPs reported approved as of April 2024, and no hospital or parliamentary mention located.","","","","MOH CTGTP List; ACE sitemap; HSA sitemap and announcements; Regen Ther 2025 (PMC12019077)","https://www.moh.gov.sg/managing-expenses/schemes-and-subsidies/cell-tissue-and-gene-therapy/product-list-cell-tissue-gene/","2026-09-06","not-found","HSA's public CTGTP register is the 'Cell, Tissue and Gene Therapy Products (CTGTP) Database' at https://share.hsa.gov.sg/mop/approvedproducts (Notified Class 1 and Registered Class 2 CTGTP Search); it is a client-side Svelte app whose data endpoint could not be reached with curl/WebFetch (page shell only), so HSA listing dates could not be read directly."
"Singapore","Breyanzi","not-found","","HSA / MOH / ACE","not-found","No Singapore record found: not on MOH CTGTP List (as of 1 Aug 2025), no ACE technology guidance (ACE sitemap grep for CGT names), no MediShield Life CTGTP entry, no HSA announcement, not among the five Class 2 CTGTPs reported approved as of April 2024, and no hospital or parliamentary mention located.","","","","MOH CTGTP List; ACE sitemap; HSA sitemap and announcements; Regen Ther 2025 (PMC12019077)","https://www.moh.gov.sg/managing-expenses/schemes-and-subsidies/cell-tissue-and-gene-therapy/product-list-cell-tissue-gene/","2026-09-06","not-found","HSA's public CTGTP register is the 'Cell, Tissue and Gene Therapy Products (CTGTP) Database' at https://share.hsa.gov.sg/mop/approvedproducts (Notified Class 1 and Registered Class 2 CTGTP Search); it is a client-side Svelte app whose data endpoint could not be reached with curl/WebFetch (page shell only), so HSA listing dates could not be read directly."
"Singapore","Casgevy","not-found","","HSA / MOH / ACE","not-found","No Singapore record found: not on MOH CTGTP List (as of 1 Aug 2025), no ACE technology guidance (ACE sitemap grep for CGT names), no MediShield Life CTGTP entry, no HSA announcement, not among the five Class 2 CTGTPs reported approved as of April 2024, and no hospital or parliamentary mention located.","","","","MOH CTGTP List; ACE sitemap; HSA sitemap and announcements; Regen Ther 2025 (PMC12019077)","https://www.moh.gov.sg/managing-expenses/schemes-and-subsidies/cell-tissue-and-gene-therapy/product-list-cell-tissue-gene/","2026-09-06","not-found","HSA's public CTGTP register is the 'Cell, Tissue and Gene Therapy Products (CTGTP) Database' at https://share.hsa.gov.sg/mop/approvedproducts (Notified Class 1 and Registered Class 2 CTGTP Search); it is a client-side Svelte app whose data endpoint could not be reached with curl/WebFetch (page shell only), so HSA listing dates could not be read directly."
"Singapore","Encelto","not-found","","HSA / MOH / ACE","not-found","No Singapore record found: not on MOH CTGTP List (as of 1 Aug 2025), no ACE technology guidance (ACE sitemap grep for CGT names), no MediShield Life CTGTP entry, no HSA announcement, not among the five Class 2 CTGTPs reported approved as of April 2024, and no hospital or parliamentary mention located.","","","","MOH CTGTP List; ACE sitemap; HSA sitemap and announcements; Regen Ther 2025 (PMC12019077)","https://www.moh.gov.sg/managing-expenses/schemes-and-subsidies/cell-tissue-and-gene-therapy/product-list-cell-tissue-gene/","2026-09-06","not-found","HSA's public CTGTP register is the 'Cell, Tissue and Gene Therapy Products (CTGTP) Database' at https://share.hsa.gov.sg/mop/approvedproducts (Notified Class 1 and Registered Class 2 CTGTP Search); it is a client-side Svelte app whose data endpoint could not be reached with curl/WebFetch (page shell only), so HSA listing dates could not be read directly."
"Singapore","Genglycos","not-found","","HSA / MOH / ACE","not-found","No Singapore record found: not on MOH CTGTP List (as of 1 Aug 2025), no ACE technology guidance (ACE sitemap grep for CGT names), no MediShield Life CTGTP entry, no HSA announcement, not among the five Class 2 CTGTPs reported approved as of April 2024, and no hospital or parliamentary mention located.","","","","MOH CTGTP List; ACE sitemap; HSA sitemap and announcements; Regen Ther 2025 (PMC12019077)","https://www.moh.gov.sg/managing-expenses/schemes-and-subsidies/cell-tissue-and-gene-therapy/product-list-cell-tissue-gene/","2026-09-06","not-found","HSA's public CTGTP register is the 'Cell, Tissue and Gene Therapy Products (CTGTP) Database' at https://share.hsa.gov.sg/mop/approvedproducts (Notified Class 1 and Registered Class 2 CTGTP Search); it is a client-side Svelte app whose data endpoint could not be reached with curl/WebFetch (page shell only), so HSA listing dates could not be read directly."
"Singapore","Hemgenix","not-found","","HSA / MOH / ACE","not-found","No Singapore record found: not on MOH CTGTP List (as of 1 Aug 2025), no ACE technology guidance (ACE sitemap grep for CGT names), no MediShield Life CTGTP entry, no HSA announcement, not among the five Class 2 CTGTPs reported approved as of April 2024, and no hospital or parliamentary mention located.","","","","MOH CTGTP List; ACE sitemap; HSA sitemap and announcements; Regen Ther 2025 (PMC12019077)","https://www.moh.gov.sg/managing-expenses/schemes-and-subsidies/cell-tissue-and-gene-therapy/product-list-cell-tissue-gene/","2026-09-06","not-found","HSA's public CTGTP register is the 'Cell, Tissue and Gene Therapy Products (CTGTP) Database' at https://share.hsa.gov.sg/mop/approvedproducts (Notified Class 1 and Registered Class 2 CTGTP Search); it is a client-side Svelte app whose data endpoint could not be reached with curl/WebFetch (page shell only), so HSA listing dates could not be read directly."
"Singapore","Imlygic","not-found","","HSA / MOH / ACE","not-found","No Singapore record found: not on MOH CTGTP List (as of 1 Aug 2025), no ACE technology guidance (ACE sitemap grep for CGT names), no MediShield Life CTGTP entry, no HSA announcement, not among the five Class 2 CTGTPs reported approved as of April 2024, and no hospital or parliamentary mention located.","","","","MOH CTGTP List; ACE sitemap; HSA sitemap and announcements; Regen Ther 2025 (PMC12019077)","https://www.moh.gov.sg/managing-expenses/schemes-and-subsidies/cell-tissue-and-gene-therapy/product-list-cell-tissue-gene/","2026-09-06","not-found","HSA's public CTGTP register is the 'Cell, Tissue and Gene Therapy Products (CTGTP) Database' at https://share.hsa.gov.sg/mop/approvedproducts (Notified Class 1 and Registered Class 2 CTGTP Search); it is a client-side Svelte app whose data endpoint could not be reached with curl/WebFetch (page shell only), so HSA listing dates could not be read directly."
"Singapore","Itvisma","not-found","","HSA / MOH / ACE","not-found","No Singapore record found: not on MOH CTGTP List (as of 1 Aug 2025), no ACE technology guidance (ACE sitemap grep for CGT names), no MediShield Life CTGTP entry, no HSA announcement, not among the five Class 2 CTGTPs reported approved as of April 2024, and no hospital or parliamentary mention located.","","","","MOH CTGTP List; ACE sitemap; HSA sitemap and announcements; Regen Ther 2025 (PMC12019077)","https://www.moh.gov.sg/managing-expenses/schemes-and-subsidies/cell-tissue-and-gene-therapy/product-list-cell-tissue-gene/","2026-09-06","not-found","HSA's public CTGTP register is the 'Cell, Tissue and Gene Therapy Products (CTGTP) Database' at https://share.hsa.gov.sg/mop/approvedproducts (Notified Class 1 and Registered Class 2 CTGTP Search); it is a client-side Svelte app whose data endpoint could not be reached with curl/WebFetch (page shell only), so HSA listing dates could not be read directly."
"Singapore","Kebilidi / Upstaza","not-found","","HSA / MOH / ACE","not-found","No Singapore record found: not on MOH CTGTP List (as of 1 Aug 2025), no ACE technology guidance (ACE sitemap grep for CGT names), no MediShield Life CTGTP entry, no HSA announcement, not among the five Class 2 CTGTPs reported approved as of April 2024, and no hospital or parliamentary mention located.","","","","MOH CTGTP List; ACE sitemap; HSA sitemap and announcements; Regen Ther 2025 (PMC12019077)","https://www.moh.gov.sg/managing-expenses/schemes-and-subsidies/cell-tissue-and-gene-therapy/product-list-cell-tissue-gene/","2026-09-06","not-found","HSA's public CTGTP register is the 'Cell, Tissue and Gene Therapy Products (CTGTP) Database' at https://share.hsa.gov.sg/mop/approvedproducts (Notified Class 1 and Registered Class 2 CTGTP Search); it is a client-side Svelte app whose data endpoint could not be reached with curl/WebFetch (page shell only), so HSA listing dates could not be read directly."
"Singapore","Kresladi","not-found","","HSA / MOH / ACE","not-found","No Singapore record found: not on MOH CTGTP List (as of 1 Aug 2025), no ACE technology guidance (ACE sitemap grep for CGT names), no MediShield Life CTGTP entry, no HSA announcement, not among the five Class 2 CTGTPs reported approved as of April 2024, and no hospital or parliamentary mention located.","","","","MOH CTGTP List; ACE sitemap; HSA sitemap and announcements; Regen Ther 2025 (PMC12019077)","https://www.moh.gov.sg/managing-expenses/schemes-and-subsidies/cell-tissue-and-gene-therapy/product-list-cell-tissue-gene/","2026-09-06","not-found","HSA's public CTGTP register is the 'Cell, Tissue and Gene Therapy Products (CTGTP) Database' at https://share.hsa.gov.sg/mop/approvedproducts (Notified Class 1 and Registered Class 2 CTGTP Search); it is a client-side Svelte app whose data endpoint could not be reached with curl/WebFetch (page shell only), so HSA listing dates could not be read directly."
"Singapore","Lantidra","not-found","","HSA / MOH / ACE","not-found","No Singapore record found: not on MOH CTGTP List (as of 1 Aug 2025), no ACE technology guidance (ACE sitemap grep for CGT names), no MediShield Life CTGTP entry, no HSA announcement, not among the five Class 2 CTGTPs reported approved as of April 2024, and no hospital or parliamentary mention located.","","","","MOH CTGTP List; ACE sitemap; HSA sitemap and announcements; Regen Ther 2025 (PMC12019077)","https://www.moh.gov.sg/managing-expenses/schemes-and-subsidies/cell-tissue-and-gene-therapy/product-list-cell-tissue-gene/","2026-09-06","not-found","HSA's public CTGTP register is the 'Cell, Tissue and Gene Therapy Products (CTGTP) Database' at https://share.hsa.gov.sg/mop/approvedproducts (Notified Class 1 and Registered Class 2 CTGTP Search); it is a client-side Svelte app whose data endpoint could not be reached with curl/WebFetch (page shell only), so HSA listing dates could not be read directly."
"Singapore","Lenmeldy / Libmeldy","not-found","","HSA / MOH / ACE","not-found","No Singapore record found: not on MOH CTGTP List (as of 1 Aug 2025), no ACE technology guidance (ACE sitemap grep for CGT names), no MediShield Life CTGTP entry, no HSA announcement, not among the five Class 2 CTGTPs reported approved as of April 2024, and no hospital or parliamentary mention located.","","","","MOH CTGTP List; ACE sitemap; HSA sitemap and announcements; Regen Ther 2025 (PMC12019077)","https://www.moh.gov.sg/managing-expenses/schemes-and-subsidies/cell-tissue-and-gene-therapy/product-list-cell-tissue-gene/","2026-09-06","not-found","HSA's public CTGTP register is the 'Cell, Tissue and Gene Therapy Products (CTGTP) Database' at https://share.hsa.gov.sg/mop/approvedproducts (Notified Class 1 and Registered Class 2 CTGTP Search); it is a client-side Svelte app whose data endpoint could not be reached with curl/WebFetch (page shell only), so HSA listing dates could not be read directly."
"Singapore","Lyfgenia","not-found","","HSA / MOH / ACE","not-found","No Singapore record found: not on MOH CTGTP List (as of 1 Aug 2025), no ACE technology guidance (ACE sitemap grep for CGT names), no MediShield Life CTGTP entry, no HSA announcement, not among the five Class 2 CTGTPs reported approved as of April 2024, and no hospital or parliamentary mention located.","","","","MOH CTGTP List; ACE sitemap; HSA sitemap and announcements; Regen Ther 2025 (PMC12019077)","https://www.moh.gov.sg/managing-expenses/schemes-and-subsidies/cell-tissue-and-gene-therapy/product-list-cell-tissue-gene/","2026-09-06","not-found","HSA's public CTGTP register is the 'Cell, Tissue and Gene Therapy Products (CTGTP) Database' at https://share.hsa.gov.sg/mop/approvedproducts (Notified Class 1 and Registered Class 2 CTGTP Search); it is a client-side Svelte app whose data endpoint could not be reached with curl/WebFetch (page shell only), so HSA listing dates could not be read directly."
"Singapore","Omisirge","not-found","","HSA / MOH / ACE","not-found","No Singapore record found: not on MOH CTGTP List (as of 1 Aug 2025), no ACE technology guidance (ACE sitemap grep for CGT names), no MediShield Life CTGTP entry, no HSA announcement, not among the five Class 2 CTGTPs reported approved as of April 2024, and no hospital or parliamentary mention located.","","","","MOH CTGTP List; ACE sitemap; HSA sitemap and announcements; Regen Ther 2025 (PMC12019077)","https://www.moh.gov.sg/managing-expenses/schemes-and-subsidies/cell-tissue-and-gene-therapy/product-list-cell-tissue-gene/","2026-09-06","not-found","HSA's public CTGTP register is the 'Cell, Tissue and Gene Therapy Products (CTGTP) Database' at https://share.hsa.gov.sg/mop/approvedproducts (Notified Class 1 and Registered Class 2 CTGTP Search); it is a client-side Svelte app whose data endpoint could not be reached with curl/WebFetch (page shell only), so HSA listing dates could not be read directly."
"Singapore","Otarmeni","not-found","","HSA / MOH / ACE","not-found","No Singapore record found: not on MOH CTGTP List (as of 1 Aug 2025), no ACE technology guidance (ACE sitemap grep for CGT names), no MediShield Life CTGTP entry, no HSA announcement, not among the five Class 2 CTGTPs reported approved as of April 2024, and no hospital or parliamentary mention located.","","","","MOH CTGTP List; ACE sitemap; HSA sitemap and announcements; Regen Ther 2025 (PMC12019077)","https://www.moh.gov.sg/managing-expenses/schemes-and-subsidies/cell-tissue-and-gene-therapy/product-list-cell-tissue-gene/","2026-09-06","not-found","HSA's public CTGTP register is the 'Cell, Tissue and Gene Therapy Products (CTGTP) Database' at https://share.hsa.gov.sg/mop/approvedproducts (Notified Class 1 and Registered Class 2 CTGTP Search); it is a client-side Svelte app whose data endpoint could not be reached with curl/WebFetch (page shell only), so HSA listing dates could not be read directly."
"Singapore","Papzimeos","not-found","","HSA / MOH / ACE","not-found","No Singapore record found: not on MOH CTGTP List (as of 1 Aug 2025), no ACE technology guidance (ACE sitemap grep for CGT names), no MediShield Life CTGTP entry, no HSA announcement, not among the five Class 2 CTGTPs reported approved as of April 2024, and no hospital or parliamentary mention located.","","","","MOH CTGTP List; ACE sitemap; HSA sitemap and announcements; Regen Ther 2025 (PMC12019077)","https://www.moh.gov.sg/managing-expenses/schemes-and-subsidies/cell-tissue-and-gene-therapy/product-list-cell-tissue-gene/","2026-09-06","not-found","HSA's public CTGTP register is the 'Cell, Tissue and Gene Therapy Products (CTGTP) Database' at https://share.hsa.gov.sg/mop/approvedproducts (Notified Class 1 and Registered Class 2 CTGTP Search); it is a client-side Svelte app whose data endpoint could not be reached with curl/WebFetch (page shell only), so HSA listing dates could not be read directly."
"Singapore","Roctavian","not-found","","HSA / MOH / ACE","not-found","No Singapore record found: not on MOH CTGTP List (as of 1 Aug 2025), no ACE technology guidance (ACE sitemap grep for CGT names), no MediShield Life CTGTP entry, no HSA announcement, not among the five Class 2 CTGTPs reported approved as of April 2024, and no hospital or parliamentary mention located.","","","","MOH CTGTP List; ACE sitemap; HSA sitemap and announcements; Regen Ther 2025 (PMC12019077)","https://www.moh.gov.sg/managing-expenses/schemes-and-subsidies/cell-tissue-and-gene-therapy/product-list-cell-tissue-gene/","2026-09-06","not-found","HSA's public CTGTP register is the 'Cell, Tissue and Gene Therapy Products (CTGTP) Database' at https://share.hsa.gov.sg/mop/approvedproducts (Notified Class 1 and Registered Class 2 CTGTP Search); it is a client-side Svelte app whose data endpoint could not be reached with curl/WebFetch (page shell only), so HSA listing dates could not be read directly."
"Singapore","Ryoncil","not-found","","HSA / MOH / ACE","not-found","No Singapore record found: not on MOH CTGTP List (as of 1 Aug 2025), no ACE technology guidance (ACE sitemap grep for CGT names), no MediShield Life CTGTP entry, no HSA announcement, not among the five Class 2 CTGTPs reported approved as of April 2024, and no hospital or parliamentary mention located.","","","","MOH CTGTP List; ACE sitemap; HSA sitemap and announcements; Regen Ther 2025 (PMC12019077)","https://www.moh.gov.sg/managing-expenses/schemes-and-subsidies/cell-tissue-and-gene-therapy/product-list-cell-tissue-gene/","2026-09-06","not-found","HSA's public CTGTP register is the 'Cell, Tissue and Gene Therapy Products (CTGTP) Database' at https://share.hsa.gov.sg/mop/approvedproducts (Notified Class 1 and Registered Class 2 CTGTP Search); it is a client-side Svelte app whose data endpoint could not be reached with curl/WebFetch (page shell only), so HSA listing dates could not be read directly."
"Singapore","Skysona","not-found","","HSA / MOH / ACE","not-found","No Singapore record found: not on MOH CTGTP List (as of 1 Aug 2025), no ACE technology guidance (ACE sitemap grep for CGT names), no MediShield Life CTGTP entry, no HSA announcement, not among the five Class 2 CTGTPs reported approved as of April 2024, and no hospital or parliamentary mention located.","","","","MOH CTGTP List; ACE sitemap; HSA sitemap and announcements; Regen Ther 2025 (PMC12019077)","https://www.moh.gov.sg/managing-expenses/schemes-and-subsidies/cell-tissue-and-gene-therapy/product-list-cell-tissue-gene/","2026-09-06","not-found","HSA's public CTGTP register is the 'Cell, Tissue and Gene Therapy Products (CTGTP) Database' at https://share.hsa.gov.sg/mop/approvedproducts (Notified Class 1 and Registered Class 2 CTGTP Search); it is a client-side Svelte app whose data endpoint could not be reached with curl/WebFetch (page shell only), so HSA listing dates could not be read directly."
"Singapore","Tecartus","not-found","","HSA / MOH / ACE","not-found","No Singapore record found: not on MOH CTGTP List (as of 1 Aug 2025), no ACE technology guidance (ACE sitemap grep for CGT names), no MediShield Life CTGTP entry, no HSA announcement, not among the five Class 2 CTGTPs reported approved as of April 2024, and no hospital or parliamentary mention located.","","","","MOH CTGTP List; ACE sitemap; HSA sitemap and announcements; Regen Ther 2025 (PMC12019077)","https://www.moh.gov.sg/managing-expenses/schemes-and-subsidies/cell-tissue-and-gene-therapy/product-list-cell-tissue-gene/","2026-09-06","not-found","HSA's public CTGTP register is the 'Cell, Tissue and Gene Therapy Products (CTGTP) Database' at https://share.hsa.gov.sg/mop/approvedproducts (Notified Class 1 and Registered Class 2 CTGTP Search); it is a client-side Svelte app whose data endpoint could not be reached with curl/WebFetch (page shell only), so HSA listing dates could not be read directly."
"Singapore","Tecelra","not-found","","HSA / MOH / ACE","not-found","No Singapore record found: not on MOH CTGTP List (as of 1 Aug 2025), no ACE technology guidance (ACE sitemap grep for CGT names), no MediShield Life CTGTP entry, no HSA announcement, not among the five Class 2 CTGTPs reported approved as of April 2024, and no hospital or parliamentary mention located.","","","","MOH CTGTP List; ACE sitemap; HSA sitemap and announcements; Regen Ther 2025 (PMC12019077)","https://www.moh.gov.sg/managing-expenses/schemes-and-subsidies/cell-tissue-and-gene-therapy/product-list-cell-tissue-gene/","2026-09-06","not-found","HSA's public CTGTP register is the 'Cell, Tissue and Gene Therapy Products (CTGTP) Database' at https://share.hsa.gov.sg/mop/approvedproducts (Notified Class 1 and Registered Class 2 CTGTP Search); it is a client-side Svelte app whose data endpoint could not be reached with curl/WebFetch (page shell only), so HSA listing dates could not be read directly."
"Singapore","Tregzi","not-found","","HSA / MOH / ACE","not-found","No Singapore record found: not on MOH CTGTP List (as of 1 Aug 2025), no ACE technology guidance (ACE sitemap grep for CGT names), no MediShield Life CTGTP entry, no HSA announcement, not among the five Class 2 CTGTPs reported approved as of April 2024, and no hospital or parliamentary mention located.","","","","MOH CTGTP List; ACE sitemap; HSA sitemap and announcements; Regen Ther 2025 (PMC12019077)","https://www.moh.gov.sg/managing-expenses/schemes-and-subsidies/cell-tissue-and-gene-therapy/product-list-cell-tissue-gene/","2026-09-06","not-found","HSA's public CTGTP register is the 'Cell, Tissue and Gene Therapy Products (CTGTP) Database' at https://share.hsa.gov.sg/mop/approvedproducts (Notified Class 1 and Registered Class 2 CTGTP Search); it is a client-side Svelte app whose data endpoint could not be reached with curl/WebFetch (page shell only), so HSA listing dates could not be read directly."
"Singapore","Tudriqev","not-found","","HSA / MOH / ACE","not-found","No Singapore record found: not on MOH CTGTP List (as of 1 Aug 2025), no ACE technology guidance (ACE sitemap grep for CGT names), no MediShield Life CTGTP entry, no HSA announcement, not among the five Class 2 CTGTPs reported approved as of April 2024, and no hospital or parliamentary mention located.","","","","MOH CTGTP List; ACE sitemap; HSA sitemap and announcements; Regen Ther 2025 (PMC12019077)","https://www.moh.gov.sg/managing-expenses/schemes-and-subsidies/cell-tissue-and-gene-therapy/product-list-cell-tissue-gene/","2026-09-06","not-found","HSA's public CTGTP register is the 'Cell, Tissue and Gene Therapy Products (CTGTP) Database' at https://share.hsa.gov.sg/mop/approvedproducts (Notified Class 1 and Registered Class 2 CTGTP Search); it is a client-side Svelte app whose data endpoint could not be reached with curl/WebFetch (page shell only), so HSA listing dates could not be read directly."
"Singapore","Vyjuvek","not-found","","HSA / MOH / ACE","not-found","No Singapore record found: not on MOH CTGTP List (as of 1 Aug 2025), no ACE technology guidance (ACE sitemap grep for CGT names), no MediShield Life CTGTP entry, no HSA announcement, not among the five Class 2 CTGTPs reported approved as of April 2024, and no hospital or parliamentary mention located.","","","","MOH CTGTP List; ACE sitemap; HSA sitemap and announcements; Regen Ther 2025 (PMC12019077)","https://www.moh.gov.sg/managing-expenses/schemes-and-subsidies/cell-tissue-and-gene-therapy/product-list-cell-tissue-gene/","2026-09-06","not-found","HSA's public CTGTP register is the 'Cell, Tissue and Gene Therapy Products (CTGTP) Database' at https://share.hsa.gov.sg/mop/approvedproducts (Notified Class 1 and Registered Class 2 CTGTP Search); it is a client-side Svelte app whose data endpoint could not be reached with curl/WebFetch (page shell only), so HSA listing dates could not be read directly."
"Singapore","Waskyra","not-found","","HSA / MOH / ACE","not-found","No Singapore record found: not on MOH CTGTP List (as of 1 Aug 2025), no ACE technology guidance (ACE sitemap grep for CGT names), no MediShield Life CTGTP entry, no HSA announcement, not among the five Class 2 CTGTPs reported approved as of April 2024, and no hospital or parliamentary mention located.","","","","MOH CTGTP List; ACE sitemap; HSA sitemap and announcements; Regen Ther 2025 (PMC12019077)","https://www.moh.gov.sg/managing-expenses/schemes-and-subsidies/cell-tissue-and-gene-therapy/product-list-cell-tissue-gene/","2026-09-06","not-found","HSA's public CTGTP register is the 'Cell, Tissue and Gene Therapy Products (CTGTP) Database' at https://share.hsa.gov.sg/mop/approvedproducts (Notified Class 1 and Registered Class 2 CTGTP Search); it is a client-side Svelte app whose data endpoint could not be reached with curl/WebFetch (page shell only), so HSA listing dates could not be read directly."
"Singapore","Zevaskyn","not-found","","HSA / MOH / ACE","not-found","No Singapore record found: not on MOH CTGTP List (as of 1 Aug 2025), no ACE technology guidance (ACE sitemap grep for CGT names), no MediShield Life CTGTP entry, no HSA announcement, not among the five Class 2 CTGTPs reported approved as of April 2024, and no hospital or parliamentary mention located.","","","","MOH CTGTP List; ACE sitemap; HSA sitemap and announcements; Regen Ther 2025 (PMC12019077)","https://www.moh.gov.sg/managing-expenses/schemes-and-subsidies/cell-tissue-and-gene-therapy/product-list-cell-tissue-gene/","2026-09-06","not-found","HSA's public CTGTP register is the 'Cell, Tissue and Gene Therapy Products (CTGTP) Database' at https://share.hsa.gov.sg/mop/approvedproducts (Notified Class 1 and Registered Class 2 CTGTP Search); it is a client-side Svelte app whose data endpoint could not be reached with curl/WebFetch (page shell only), so HSA listing dates could not be read directly."
"Singapore","Zynteglo","not-found","","HSA / MOH / ACE","not-found","No Singapore record found: not on MOH CTGTP List (as of 1 Aug 2025), no ACE technology guidance (ACE sitemap grep for CGT names), no MediShield Life CTGTP entry, no HSA announcement, not among the five Class 2 CTGTPs reported approved as of April 2024, and no hospital or parliamentary mention located.","","","","MOH CTGTP List; ACE sitemap; HSA sitemap and announcements; Regen Ther 2025 (PMC12019077)","https://www.moh.gov.sg/managing-expenses/schemes-and-subsidies/cell-tissue-and-gene-therapy/product-list-cell-tissue-gene/","2026-09-06","not-found","HSA's public CTGTP register is the 'Cell, Tissue and Gene Therapy Products (CTGTP) Database' at https://share.hsa.gov.sg/mop/approvedproducts (Notified Class 1 and Registered Class 2 CTGTP Search); it is a client-side Svelte app whose data endpoint could not be reached with curl/WebFetch (page shell only), so HSA listing dates could not be read directly."
"Singapore","Provenge","not-found","","HSA / MOH / ACE","not-found","No Singapore record found: not on MOH CTGTP List (as of 1 Aug 2025), no ACE technology guidance (ACE sitemap grep for CGT names), no MediShield Life CTGTP entry, no HSA announcement, not among the five Class 2 CTGTPs reported approved as of April 2024, and no hospital or parliamentary mention located.","","","","MOH CTGTP List; ACE sitemap; HSA sitemap and announcements; Regen Ther 2025 (PMC12019077)","https://www.moh.gov.sg/managing-expenses/schemes-and-subsidies/cell-tissue-and-gene-therapy/product-list-cell-tissue-gene/","2026-09-06","not-found","HSA's public CTGTP register is the 'Cell, Tissue and Gene Therapy Products (CTGTP) Database' at https://share.hsa.gov.sg/mop/approvedproducts (Notified Class 1 and Registered Class 2 CTGTP Search); it is a client-side Svelte app whose data endpoint could not be reached with curl/WebFetch (page shell only), so HSA listing dates could not be read directly."
"Singapore","Glybera","not-found","","HSA / MOH / ACE","not-found","No Singapore record found: not on MOH CTGTP List (as of 1 Aug 2025), no ACE technology guidance (ACE sitemap grep for CGT names), no MediShield Life CTGTP entry, no HSA announcement, not among the five Class 2 CTGTPs reported approved as of April 2024, and no hospital or parliamentary mention located.","","","","MOH CTGTP List; ACE sitemap; HSA sitemap and announcements; Regen Ther 2025 (PMC12019077)","https://www.moh.gov.sg/managing-expenses/schemes-and-subsidies/cell-tissue-and-gene-therapy/product-list-cell-tissue-gene/","2026-09-06","not-found","HSA's public CTGTP register is the 'Cell, Tissue and Gene Therapy Products (CTGTP) Database' at https://share.hsa.gov.sg/mop/approvedproducts (Notified Class 1 and Registered Class 2 CTGTP Search); it is a client-side Svelte app whose data endpoint could not be reached with curl/WebFetch (page shell only), so HSA listing dates could not be read directly."
"Singapore","Strimvelis","not-found","","HSA / MOH / ACE","not-found","No Singapore record found: not on MOH CTGTP List (as of 1 Aug 2025), no ACE technology guidance (ACE sitemap grep for CGT names), no MediShield Life CTGTP entry, no HSA announcement, not among the five Class 2 CTGTPs reported approved as of April 2024, and no hospital or parliamentary mention located.","","","","MOH CTGTP List; ACE sitemap; HSA sitemap and announcements; Regen Ther 2025 (PMC12019077)","https://www.moh.gov.sg/managing-expenses/schemes-and-subsidies/cell-tissue-and-gene-therapy/product-list-cell-tissue-gene/","2026-09-06","not-found","HSA's public CTGTP register is the 'Cell, Tissue and Gene Therapy Products (CTGTP) Database' at https://share.hsa.gov.sg/mop/approvedproducts (Notified Class 1 and Registered Class 2 CTGTP Search); it is a client-side Svelte app whose data endpoint could not be reached with curl/WebFetch (page shell only), so HSA listing dates could not be read directly."
"Singapore","Zalmoxis","not-found","","HSA / MOH / ACE","not-found","No Singapore record found: not on MOH CTGTP List (as of 1 Aug 2025), no ACE technology guidance (ACE sitemap grep for CGT names), no MediShield Life CTGTP entry, no HSA announcement, not among the five Class 2 CTGTPs reported approved as of April 2024, and no hospital or parliamentary mention located.","","","","MOH CTGTP List; ACE sitemap; HSA sitemap and announcements; Regen Ther 2025 (PMC12019077)","https://www.moh.gov.sg/managing-expenses/schemes-and-subsidies/cell-tissue-and-gene-therapy/product-list-cell-tissue-gene/","2026-09-06","not-found","HSA's public CTGTP register is the 'Cell, Tissue and Gene Therapy Products (CTGTP) Database' at https://share.hsa.gov.sg/mop/approvedproducts (Notified Class 1 and Registered Class 2 CTGTP Search); it is a client-side Svelte app whose data endpoint could not be reached with curl/WebFetch (page shell only), so HSA listing dates could not be read directly."
"Singapore","Alofisel","not-found","","HSA / MOH / ACE","not-found","No Singapore record found: not on MOH CTGTP List (as of 1 Aug 2025), no ACE technology guidance (ACE sitemap grep for CGT names), no MediShield Life CTGTP entry, no HSA announcement, not among the five Class 2 CTGTPs reported approved as of April 2024, and no hospital or parliamentary mention located.","","","","MOH CTGTP List; ACE sitemap; HSA sitemap and announcements; Regen Ther 2025 (PMC12019077)","https://www.moh.gov.sg/managing-expenses/schemes-and-subsidies/cell-tissue-and-gene-therapy/product-list-cell-tissue-gene/","2026-09-06","not-found","HSA's public CTGTP register is the 'Cell, Tissue and Gene Therapy Products (CTGTP) Database' at https://share.hsa.gov.sg/mop/approvedproducts (Notified Class 1 and Registered Class 2 CTGTP Search); it is a client-side Svelte app whose data endpoint could not be reached with curl/WebFetch (page shell only), so HSA listing dates could not be read directly."
"Singapore","Ebvallo","not-found","","HSA / MOH / ACE","not-found","No Singapore record found: not on MOH CTGTP List (as of 1 Aug 2025), no ACE technology guidance (ACE sitemap grep for CGT names), no MediShield Life CTGTP entry, no HSA announcement, not among the five Class 2 CTGTPs reported approved as of April 2024, and no hospital or parliamentary mention located.","","","","MOH CTGTP List; ACE sitemap; HSA sitemap and announcements; Regen Ther 2025 (PMC12019077)","https://www.moh.gov.sg/managing-expenses/schemes-and-subsidies/cell-tissue-and-gene-therapy/product-list-cell-tissue-gene/","2026-09-06","not-found","HSA's public CTGTP register is the 'Cell, Tissue and Gene Therapy Products (CTGTP) Database' at https://share.hsa.gov.sg/mop/approvedproducts (Notified Class 1 and Registered Class 2 CTGTP Search); it is a client-side Svelte app whose data endpoint could not be reached with curl/WebFetch (page shell only), so HSA listing dates could not be read directly."
